returned,customer_gender,country,customer_segment,product_category,product_subcategory,brand,payment_method,device_type,traffic_source,membership_status,shipping_method,warehouse_region,season,holiday_season,day_of_week,quarter,customer_age,unit_price,quantity,discount_percent,discount_amount,shipping_cost,tax_amount,order_amount,delivery_days,review_rating,customer_lifetime_value,profit_margin_percent,profit_amount,high_value_order,order_year,order_month,order_day,order_dow,return_prediction
0,male,india,returning,beauty,skincare,zenith,cash on delivery,mobile,paid ads,standard,express,central,winter,no,Sunday,1,61,62.18,3,35,65.29,15.91,16.5,153.66,2,5,541.16,29.72,45.67,0,2023,1,1,1,Not Returned
0,male,united kingdom,premium,electronics,laptop,ecolife,cash on delivery,desktop,referral,platinum,express,east,winter,no,Sunday,1,32,684.02,2,15,205.21,8.48,105.78,1277.09,2,5,25972.2,23.93,305.61,1,2023,1,1,1,Not Returned
0,male,united kingdom,loyal,home & kitchen,decor,apex,credit card,desktop,social media,standard,standard,central,winter,no,Sunday,1,46,100.89,2,5,10.09,1.78,15.6,209.07,7,3.7,4032.9,41.91,87.62,0,2023,1,1,1,Not Returned
0,female,germany,returning,sports,fitness,trendify,wallet,mobile,direct,standard,express,central,winter,no,Sunday,1,24,134.73,1,20,26.95,10.17,8.44,126.39,9,4.6,2279.79,17.02,21.51,0,2023,1,1,1,Not Returned
0,male,australia,loyal,electronics,laptop,freshmart,bank transfer,mobile,organic search,silver,express,north,winter,yes,Monday,1,44,285.7,3,5,42.86,14.33,94.74,923.31,5,4.5,13052.19,28.68,264.81,1,2023,1,2,2,Not Returned
0,female,australia,returning,groceries,dairy,zenith,bank transfer,mobile,referral,standard,pickup,west,winter,no,Monday,1,19,22.47,3,0,0,7.67,5.1,80.18,8,4.3,1098.77,25.93,20.79,0,2023,1,2,2,Not Returned
0,male,uae,new,fashion,shoes,valuemax,wallet,desktop,email,standard,same day,south,winter,no,Tuesday,1,42,35.49,3,0,0,20.63,4.57,131.67,0,5,956.43,17.1,22.52,0,2023,1,3,3,Not Returned
0,male,germany,loyal,electronics,laptop,trendify,bank transfer,mobile,email,platinum,pickup,north,winter,no,Tuesday,1,37,214.16,6,10,128.5,6.72,116.04,1279.22,5,4.7,24780.33,23.73,303.56,1,2023,1,3,3,Not Returned
0,male,canada,premium,electronics,headphones,ecolife,wallet,desktop,direct,silver,standard,west,winter,no,Wednesday,1,49,378.3,4,0,0,7.36,70.18,1590.74,5,4.1,24496.03,14,222.7,1,2023,1,4,4,Not Returned
0,male,saudi arabia,returning,fashion,shoes,apex,credit card,desktop,organic search,platinum,express,south,winter,no,Thursday,1,20,74.48,3,30,67.03,12.89,13.96,183.26,4,3.7,1758.8,13.04,23.9,0,2023,1,5,5,Not Returned
0,female,pakistan,returning,home & kitchen,furniture,apex,wallet,mobile,paid ads,standard,standard,south,winter,no,Thursday,1,39,151.41,2,25,75.7,7.57,16.13,250.82,3,3.8,1237.19,11.77,29.52,0,2023,1,5,5,Not Returned
0,female,united kingdom,loyal,fashion,men clothing,zenith,paypal,mobile,referral,standard,standard,south,winter,no,Thursday,1,28,48.35,2,10,9.67,7.95,9.3,104.28,3,4,1954.77,18.25,19.03,0,2023,1,5,5,Not Returned
0,male,uae,loyal,fashion,shoes,freshmart,debit card,mobile,social media,silver,standard,south,winter,no,Thursday,1,50,55.49,1,0,0,5.1,2.01,62.6,5,4.9,1069.84,26.08,16.33,0,2023,1,5,5,Not Returned
0,female,united kingdom,premium,home & kitchen,cookware,trendify,credit card,mobile,email,standard,standard,west,winter,no,Thursday,1,22,126.07,2,40,100.86,7.14,21.64,180.06,2,4.3,4395.03,23.33,42.01,0,2023,1,5,5,Not Returned
0,female,saudi arabia,returning,electronics,laptop,primeplus,wallet,desktop,direct,standard,pickup,central,winter,no,Friday,1,43,323.35,4,25,323.35,10.14,89.46,1069.65,9,3.6,6337.57,25.72,275.11,1,2023,1,6,6,Not Returned
0,female,france,returning,beauty,makeup,quickcart,bank transfer,tablet,paid ads,silver,express,east,winter,no,Friday,1,40,57.98,2,5,5.8,14.25,6.14,130.55,3,4.3,2437.9,29.04,37.91,0,2023,1,6,6,Not Returned
0,male,india,returning,groceries,dairy,zenith,cash on delivery,mobile,referral,standard,pickup,central,winter,no,Friday,1,18,8.95,4,10,3.58,6.55,1.36,40.13,7,4.4,20,4.47,1.79,0,2023,1,6,6,Not Returned
0,female,australia,returning,books,comics,nova,credit card,mobile,referral,standard,express,south,winter,no,Saturday,1,50,10.89,2,0,0,13.63,2.09,37.5,4,3.8,205.83,6.83,2.56,0,2023,1,7,7,Not Returned
0,female,germany,returning,sports,outdoor,freshmart,debit card,tablet,direct,standard,standard,south,winter,no,Saturday,1,22,82.74,3,30,74.47,8.58,21.42,203.75,0,4.9,853.81,16.13,32.86,0,2023,1,7,7,Not Returned
0,female,germany,returning,fashion,men clothing,zenith,paypal,mobile,referral,standard,express,west,winter,no,Saturday,1,31,53.18,1,20,10.64,11.73,4.68,58.95,1,4,526.09,20.27,11.95,0,2023,1,7,7,Not Returned
0,female,united states,new,groceries,dairy,trendify,bank transfer,mobile,social media,gold,express,west,winter,no,Saturday,1,47,16.54,3,20,9.92,10.34,3.29,53.33,3,4.5,938.14,23.07,12.3,0,2023,1,7,7,Not Returned
0,female,united states,new,electronics,laptop,primeplus,paypal,mobile,paid ads,standard,standard,central,winter,no,Sunday,1,34,298.44,4,20,238.75,9.97,76.18,1041.16,8,4.7,7570.47,13.14,136.81,1,2023,1,8,1,Not Returned
0,male,united states,new,home & kitchen,appliances,urbanco,debit card,mobile,paid ads,standard,express,central,winter,no,Sunday,1,18,106.08,2,5,10.61,11.53,14.65,227.73,7,4.1,1736.07,26.58,60.53,0,2023,1,8,1,Not Returned
0,male,france,returning,groceries,dairy,primeplus,credit card,tablet,direct,standard,express,central,winter,no,Sunday,1,40,16.48,1,0,0,12.85,1.65,30.98,2,4.5,248.43,25.59,7.93,0,2023,1,8,1,Not Returned
0,male,france,returning,electronics,headphones,quickcart,bank transfer,mobile,direct,silver,standard,east,winter,no,Monday,1,18,455.81,6,20,546.97,9.16,192.18,2389.23,2,4.5,43241.08,9.7,231.76,1,2023,1,9,2,Not Returned
0,male,united kingdom,loyal,fashion,women clothing,trendify,debit card,mobile,email,platinum,standard,central,winter,no,Monday,1,31,90.37,2,20,36.15,0.02,5.93,150.54,9,4.5,952.28,23.22,34.96,0,2023,1,9,2,Not Returned
0,male,india,premium,fashion,men clothing,urbanco,credit card,mobile,referral,standard,standard,south,winter,no,Monday,1,29,96.87,1,15,14.53,5.03,10.08,97.45,6,2.8,1963.28,30.91,30.12,0,2023,1,9,2,Returned
0,female,canada,loyal,home & kitchen,decor,nova,credit card,desktop,social media,gold,standard,south,winter,no,Tuesday,1,23,169.72,4,5,33.94,3.89,51.69,700.52,3,3.7,4963.72,29.2,204.55,1,2023,1,10,3,Not Returned
0,male,uae,new,groceries,fresh produce,zenith,paypal,desktop,direct,gold,express,central,winter,no,Tuesday,1,74,11.14,1,5,0.56,11.44,0.85,22.87,4,4.3,348.81,16.19,3.7,0,2023,1,10,3,Not Returned
0,female,france,new,groceries,beverages,zenith,paypal,mobile,organic search,standard,standard,north,winter,yes,Tuesday,1,44,24.39,5,0,0,9.56,8.61,140.12,5,3.5,1691.4,6.7,9.39,0,2023,1,10,3,Returned
0,male,uae,loyal,electronics,accessories,urbanco,wallet,mobile,direct,standard,standard,north,winter,no,Tuesday,1,48,1143.16,1,10,114.32,4.39,132.31,1165.54,7,3.3,6499.65,12.61,146.97,1,2023,1,10,3,Returned
0,male,pakistan,returning,beauty,fragrance,primeplus,credit card,mobile,referral,silver,express,north,winter,no,Wednesday,1,54,25.42,2,40,20.34,12.08,2.37,44.95,4,3.7,754.52,29.84,13.41,0,2023,1,11,4,Not Returned
0,male,saudi arabia,returning,fashion,men clothing,freshmart,cash on delivery,desktop,email,silver,standard,east,winter,no,Wednesday,1,30,99.75,2,0,0,6.92,15.83,222.25,8,5,4467.32,31.72,70.5,0,2023,1,11,4,Not Returned
0,female,pakistan,loyal,electronics,mobile,ecolife,credit card,mobile,organic search,standard,express,east,winter,no,Wednesday,1,18,383.77,1,0,0,15.15,12.77,411.69,4,3.4,1317.93,8.95,36.85,1,2023,1,11,4,Returned
0,male,germany,returning,groceries,dairy,zenith,cash on delivery,mobile,organic search,standard,pickup,central,winter,no,Wednesday,1,48,10.31,3,5,1.55,5.83,3.3,38.51,6,5,321.03,18.31,7.05,0,2023,1,11,4,Not Returned
0,male,australia,loyal,groceries,fresh produce,zenith,wallet,mobile,social media,standard,pickup,central,winter,no,Thursday,1,18,8,6,25,12,12.34,5.2,53.54,6,4.2,1025.92,23.14,12.39,0,2023,1,12,5,Not Returned
0,male,australia,premium,toys,action figures,urbanco,bank transfer,desktop,email,standard,same day,south,winter,no,Thursday,1,54,45.58,5,0,0,24.62,12.09,264.61,0,3.9,4327.18,20.25,53.58,0,2023,1,12,5,Not Returned
0,female,australia,returning,electronics,headphones,quickcart,bank transfer,mobile,organic search,standard,standard,west,winter,no,Friday,1,48,372.58,1,20,74.52,0.73,39.18,337.97,6,3.5,5147.29,26.96,91.12,0,2023,1,13,6,Returned
0,female,canada,returning,electronics,mobile,primeplus,wallet,mobile,referral,standard,pickup,south,winter,yes,Saturday,1,38,337.59,2,5,33.76,10.61,51.92,703.95,2,4,8867.26,11.84,83.35,1,2023,1,14,7,Not Returned
0,male,canada,loyal,fashion,shoes,urbanco,credit card,mobile,social media,standard,pickup,east,winter,no,Saturday,1,23,98.82,5,10,49.41,14.58,39.93,499.2,6,5,1951.67,18.38,91.75,1,2023,1,14,7,Not Returned
0,female,france,new,home & kitchen,appliances,freshmart,bank transfer,desktop,social media,standard,express,central,winter,no,Saturday,1,18,190.93,3,0,0,15.05,18.82,606.66,0,4.1,8701.51,30.79,186.79,1,2023,1,14,7,Not Returned
0,male,uae,loyal,electronics,headphones,nova,credit card,mobile,organic search,standard,standard,central,winter,no,Saturday,1,27,231.61,4,0,0,5.73,91.69,1023.86,4,4.2,18052.77,23.32,238.76,1,2023,1,14,7,Not Returned
0,male,saudi arabia,premium,home & kitchen,decor,apex,wallet,mobile,referral,silver,standard,east,winter,no,Saturday,1,35,63.92,3,20,38.35,2.55,21.81,177.77,1,3.5,1871.28,12.5,22.22,0,2023,1,14,7,Returned
0,female,pakistan,returning,sports,equipment,quickcart,debit card,mobile,organic search,standard,pickup,central,winter,no,Saturday,1,22,66.65,2,25,33.33,5.34,9.66,114.97,5,5,1209.97,11.04,12.69,0,2023,1,14,7,Not Returned
0,male,india,new,sports,outdoor,primeplus,bank transfer,mobile,direct,standard,standard,south,winter,no,Saturday,1,34,111.16,2,15,33.35,6,20.39,215.36,3,4.4,3059.66,18.84,40.57,0,2023,1,14,7,Not Returned
0,female,canada,returning,electronics,mobile,ecolife,cash on delivery,tablet,direct,standard,express,central,winter,no,Saturday,1,22,505.58,3,20,303.35,14.14,76.62,1304.15,5,4.1,12031.15,5.88,76.68,1,2023,1,14,7,Not Returned
0,male,pakistan,new,electronics,accessories,trendify,cash on delivery,mobile,referral,silver,pickup,west,winter,no,Saturday,1,26,339.56,5,20,339.56,7.48,151.32,1517.04,6,4.3,14923.46,14.5,219.97,1,2023,1,14,7,Not Returned
0,female,australia,loyal,beauty,skincare,urbanco,credit card,tablet,direct,standard,standard,south,winter,no,Saturday,1,37,74.58,1,0,0,3.47,2.78,80.83,3,4.5,1165.06,29.31,23.69,0,2023,1,14,7,Not Returned
0,male,france,premium,home & kitchen,appliances,quickcart,cash on delivery,mobile,organic search,gold,standard,west,winter,no,Sunday,1,53,155.05,3,40,186.06,3.85,29.65,312.59,3,4.6,5928.84,27.12,84.77,0,2023,1,15,1,Not Returned
0,male,united states,returning,groceries,dairy,valuemax,paypal,mobile,paid ads,standard,standard,central,winter,no,Sunday,1,33,31.05,3,35,32.6,8.61,8.02,77.18,4,3.7,1213.43,23.59,18.21,0,2023,1,15,1,Not Returned
0,male,united states,loyal,groceries,beverages,valuemax,wallet,mobile,referral,standard,standard,central,winter,no,Sunday,1,18,33.57,2,25,16.78,7.45,3.41,61.22,5,4.5,1285.05,27.54,16.86,0,2023,1,15,1,Not Returned
0,female,saudi arabia,returning,home & kitchen,decor,urbanco,paypal,tablet,referral,standard,pickup,central,winter,no,Sunday,1,20,88.37,4,15,53.02,16.21,20.12,336.79,5,5,3599.28,19.87,66.92,0,2023,1,15,1,Not Returned
0,female,united states,new,groceries,snacks,valuemax,wallet,mobile,paid ads,standard,standard,central,winter,no,Monday,1,30,22.67,3,20,13.6,9.21,6.77,70.39,4,3.8,1283.63,13.03,9.17,0,2023,1,16,2,Not Returned
0,female,australia,loyal,groceries,dairy,primeplus,credit card,mobile,social media,silver,express,east,winter,no,Monday,1,38,23.95,1,25,5.99,12.66,1.7,32.32,3,4.2,1382.87,26.74,8.64,0,2023,1,16,2,Not Returned
1,female,france,returning,home & kitchen,appliances,nova,bank transfer,tablet,email,standard,express,east,winter,no,Tuesday,1,35,111.98,4,0,0,16.18,18.09,482.19,0,2.4,7977.66,18.19,87.71,1,2023,1,17,3,Returned
0,female,united kingdom,new,sports,fitness,primeplus,credit card,mobile,direct,silver,express,west,winter,no,Tuesday,1,36,61.07,4,15,36.64,15.05,24.34,247.03,4,3.4,4427.46,28.74,71,0,2023,1,17,3,Returned
0,male,germany,returning,sports,equipment,quickcart,bank transfer,desktop,paid ads,silver,express,north,winter,no,Tuesday,1,50,50.09,3,35,52.59,14.58,6.43,118.69,1,4.3,588.45,26.53,31.49,0,2023,1,17,3,Not Returned
0,male,australia,loyal,groceries,snacks,apex,cash on delivery,desktop,social media,standard,standard,east,winter,yes,Wednesday,1,38,12.07,6,20,14.48,9.8,5.23,72.97,3,4.5,1845.89,11.31,8.25,0,2023,1,18,4,Not Returned
0,male,canada,returning,fashion,bags,quickcart,credit card,mobile,paid ads,standard,express,central,winter,no,Wednesday,1,38,46.21,1,0,0,10.93,2.01,59.15,1,4.5,862.07,26.07,15.42,0,2023,1,18,4,Not Returned
0,male,united kingdom,returning,home & kitchen,decor,nova,credit card,mobile,email,standard,express,central,winter,no,Wednesday,1,54,78.92,4,20,63.14,17.25,18.85,288.64,4,4.2,4820.44,12.25,35.36,0,2023,1,18,4,Not Returned
0,female,united kingdom,loyal,home & kitchen,cookware,primeplus,wallet,mobile,social media,gold,express,west,winter,no,Wednesday,1,47,136.84,5,30,205.26,14.7,72.79,566.43,0,4.7,3075.88,3,16.99,1,2023,1,18,4,Not Returned
0,female,pakistan,returning,beauty,makeup,urbanco,credit card,tablet,email,silver,standard,north,winter,no,Wednesday,1,18,52.38,4,25,52.38,10.7,14,181.84,8,4.5,2991.04,25.76,46.84,0,2023,1,18,4,Not Returned
0,male,canada,loyal,electronics,headphones,ecolife,paypal,desktop,organic search,silver,standard,central,winter,yes,Thursday,1,23,872.12,2,0,0,7.49,103.58,1855.31,7,4.8,9417.11,32.05,594.63,1,2023,1,19,5,Not Returned
0,female,france,loyal,fashion,women clothing,ecolife,credit card,mobile,direct,standard,standard,east,winter,no,Thursday,1,58,45.45,6,10,27.27,7.72,21.05,274.2,2,3.7,2101.96,29.5,80.89,0,2023,1,19,5,Not Returned
0,male,france,premium,electronics,headphones,apex,cash on delivery,mobile,social media,standard,standard,north,winter,no,Friday,1,42,431.56,5,35,755.23,13.34,253.31,1669.22,6,4.2,33600.95,19.02,317.49,1,2023,1,20,6,Not Returned
0,male,germany,new,fashion,shoes,freshmart,cash on delivery,mobile,organic search,silver,standard,central,winter,no,Friday,1,34,50.78,3,10,15.23,6.96,13.61,157.68,7,4,2993.57,18.62,29.36,0,2023,1,20,6,Not Returned
0,female,canada,new,groceries,snacks,zenith,cash on delivery,tablet,social media,silver,express,south,winter,no,Saturday,1,47,20.9,5,5,5.22,17.52,5.23,122.03,5,5,967.06,23.49,28.66,0,2023,1,21,7,Not Returned
0,male,france,returning,fashion,shoes,nova,debit card,mobile,email,silver,standard,east,winter,no,Saturday,1,40,75.78,2,25,37.89,4.58,13.25,131.5,7,5,1083.21,16.59,21.82,0,2023,1,21,7,Not Returned
0,female,germany,returning,fashion,men clothing,ecolife,wallet,mobile,paid ads,gold,same day,central,winter,no,Sunday,1,18,69.55,3,20,41.73,19.69,16.11,202.72,3,4.2,2653.69,33.35,67.61,0,2023,1,22,1,Not Returned
0,male,canada,returning,electronics,accessories,nova,credit card,mobile,email,silver,same day,north,winter,no,Sunday,1,46,700.83,2,0,0,20.31,162.96,1584.93,0,3,19476.6,22.5,356.61,1,2023,1,22,1,Returned
0,male,uae,premium,groceries,beverages,primeplus,paypal,mobile,social media,standard,standard,south,winter,no,Sunday,1,24,26.4,8,0,0,14.26,14.34,239.8,3,4.7,3969.54,23.97,57.48,0,2023,1,22,1,Not Returned
0,male,united kingdom,returning,groceries,beverages,freshmart,cash on delivery,mobile,organic search,silver,express,west,winter,no,Sunday,1,18,28.98,4,15,17.39,17.62,6.06,122.21,3,4.4,1529.38,37.4,45.71,0,2023,1,22,1,Not Returned
1,male,australia,returning,home & kitchen,appliances,urbanco,cash on delivery,mobile,direct,gold,same day,east,winter,no,Sunday,1,38,152.83,1,0,0,24.35,17.15,194.33,1,2.4,1896.08,23.27,45.22,0,2023,1,22,1,Returned
0,male,united kingdom,returning,home & kitchen,decor,quickcart,debit card,desktop,social media,standard,pickup,north,winter,no,Monday,1,45,246.43,3,0,0,5.56,33.55,778.4,5,4.9,3635.43,25.8,200.83,1,2023,1,23,2,Not Returned
0,female,uae,premium,sports,outdoor,ecolife,cash on delivery,mobile,email,platinum,standard,east,winter,no,Tuesday,1,37,49.25,3,20,29.55,0.93,10.55,129.68,4,4.8,1954.63,21.31,27.63,0,2023,1,24,3,Not Returned
0,other,uae,new,groceries,dairy,trendify,cash on delivery,mobile,email,standard,express,north,winter,no,Tuesday,1,25,9.21,3,20,5.53,13.56,1.63,37.29,0,3.9,675.78,18.8,7.01,0,2023,1,24,3,Not Returned
0,male,india,returning,sports,fitness,nova,credit card,mobile,referral,silver,standard,north,winter,no,Tuesday,1,41,114.38,4,15,68.63,11.36,41.02,441.27,1,3.4,8088.55,17.62,77.75,1,2023,1,24,3,Returned
0,male,canada,new,electronics,laptop,freshmart,paypal,mobile,referral,platinum,express,central,winter,no,Wednesday,1,43,703.13,3,0,0,7.44,74.2,2191.03,3,2.9,10116.32,40.15,879.7,1,2023,1,25,4,Returned
0,female,germany,returning,sports,equipment,zenith,debit card,mobile,direct,gold,standard,west,winter,no,Wednesday,1,28,45.79,1,15,6.87,0.89,4.27,44.08,5,4.7,403.06,20.52,9.05,0,2023,1,25,4,Not Returned
0,male,australia,loyal,toys,puzzles,nova,debit card,tablet,social media,platinum,standard,south,winter,no,Wednesday,1,63,24.3,6,20,29.16,6.15,14.28,137.07,5,3.6,1409.92,23.25,31.87,0,2023,1,25,4,Not Returned
0,male,germany,new,fashion,bags,valuemax,cash on delivery,mobile,referral,standard,standard,west,winter,no,Wednesday,1,36,28.15,3,20,16.89,10.1,4.09,81.75,7,5,1013.86,22.82,18.66,0,2023,1,25,4,Not Returned
0,male,united kingdom,new,fashion,women clothing,primeplus,debit card,mobile,social media,gold,standard,south,winter,no,Thursday,1,34,74.35,2,25,37.17,1.46,14.38,127.37,7,2.5,1318.61,30.1,38.34,0,2023,1,26,5,Returned
0,female,germany,new,electronics,headphones,urbanco,debit card,mobile,organic search,silver,express,west,winter,no,Thursday,1,29,899,4,20,719.2,18.28,151.5,3046.58,0,4.4,38152.52,16.12,491.11,1,2023,1,26,5,Not Returned
0,female,australia,returning,groceries,snacks,zenith,paypal,mobile,email,standard,standard,north,winter,no,Thursday,1,26,43.41,3,10,13.02,8.36,14.69,140.26,5,3.4,1135.24,16.02,22.47,0,2023,1,26,5,Returned
0,male,united states,new,books,comics,freshmart,debit card,mobile,social media,platinum,same day,north,winter,no,Thursday,1,60,16.88,2,0,0,18.71,1.69,54.16,0,4.1,765.13,25.68,13.91,0,2023,1,26,5,Not Returned
0,female,uae,returning,fashion,men clothing,freshmart,cash on delivery,desktop,social media,standard,standard,east,winter,no,Friday,1,42,73.02,3,0,0,6.53,20.75,246.34,6,4.1,1386.61,31.29,77.08,0,2023,1,27,6,Not Returned
0,male,canada,premium,groceries,fresh produce,nova,cash on delivery,mobile,referral,platinum,express,north,winter,no,Friday,1,36,19.51,1,20,3.9,4.95,1.99,22.55,6,3.6,1593.75,11.12,2.51,0,2023,1,27,6,Not Returned
0,male,canada,new,fashion,shoes,primeplus,paypal,mobile,organic search,silver,standard,central,winter,no,Friday,1,18,73.48,2,30,44.09,5.71,14.57,123.15,3,5,603.51,31.35,38.61,0,2023,1,27,6,Not Returned
1,male,australia,loyal,toys,action figures,ecolife,wallet,desktop,organic search,gold,same day,east,winter,no,Saturday,1,37,45.09,4,5,9.02,21.39,13.87,206.6,0,3.4,3197.09,22.19,45.84,0,2023,1,28,7,Returned
1,female,pakistan,returning,fashion,bags,urbanco,credit card,mobile,social media,standard,standard,north,winter,no,Sunday,1,40,41.54,4,0,0,8.18,13.74,188.08,0,3.4,1959.51,34.51,64.91,0,2023,1,29,1,Returned
0,male,uae,new,groceries,snacks,nova,wallet,mobile,direct,gold,express,central,winter,no,Sunday,1,48,27.41,5,10,13.7,15.06,5.43,143.84,8,4.8,1746.93,29.06,41.8,0,2023,1,29,1,Not Returned
0,male,pakistan,premium,sports,fitness,valuemax,wallet,mobile,social media,gold,express,east,winter,no,Monday,1,53,55.38,2,25,27.69,9.53,13.01,105.61,5,4.4,2764.66,8.25,8.71,0,2023,1,30,2,Not Returned
0,female,uae,returning,electronics,laptop,zenith,wallet,mobile,email,standard,standard,north,winter,no,Monday,1,23,484.42,4,15,290.65,7.9,208.55,1863.48,3,5,32381.59,16.99,316.61,1,2023,1,30,2,Not Returned
0,female,united kingdom,returning,electronics,headphones,primeplus,cash on delivery,mobile,paid ads,standard,standard,north,winter,no,Monday,1,46,474.97,4,0,0,10.79,65.09,1975.76,5,4.8,22447.55,21.1,416.89,1,2023,1,30,2,Not Returned
0,female,canada,loyal,books,education,quickcart,debit card,mobile,paid ads,standard,standard,south,winter,no,Tuesday,1,40,37.26,2,25,18.63,7.84,7.52,71.25,8,4.4,981.54,9.72,6.93,0,2023,1,31,3,Not Returned
0,male,australia,loyal,toys,board games,ecolife,credit card,mobile,organic search,standard,standard,west,winter,no,Tuesday,1,18,53,2,0,0,6.21,12.12,124.33,5,4.1,1861.52,23.56,29.29,0,2023,1,31,3,Not Returned
0,female,uae,premium,home & kitchen,furniture,trendify,credit card,mobile,organic search,silver,pickup,west,winter,no,Tuesday,1,31,114.48,3,30,103.03,8.1,24.25,272.76,5,4.2,3349.71,17.32,47.24,0,2023,1,31,3,Not Returned
0,female,united states,new,electronics,mobile,valuemax,wallet,desktop,organic search,silver,standard,east,winter,no,Wednesday,1,42,665.04,2,0,0,6.71,158.45,1495.24,6,5,15719.92,13.76,205.75,1,2023,2,1,4,Not Returned
1,male,united kingdom,loyal,beauty,haircare,nova,cash on delivery,mobile,social media,standard,standard,west,winter,no,Thursday,1,50,34.04,2,15,10.21,8.4,4.94,71.21,2,2.7,1180.7,21.1,15.03,0,2023,2,2,5,Returned
0,male,germany,returning,electronics,headphones,nova,credit card,mobile,direct,standard,standard,central,winter,no,Thursday,1,29,662.56,3,5,99.38,6.07,184.35,2078.72,3,4.4,24954.48,25.26,525.08,1,2023,2,2,5,Not Returned
1,male,germany,new,electronics,mobile,nova,credit card,mobile,referral,gold,pickup,west,winter,yes,Friday,1,49,413.14,2,30,247.88,0.65,33.4,612.45,4,3,8699.92,10.88,66.63,1,2023,2,3,6,Returned
0,female,pakistan,loyal,books,non-fiction,trendify,cash on delivery,mobile,direct,gold,express,central,winter,no,Friday,1,26,28.08,7,5,9.83,18.73,22.43,227.89,1,5,5332.52,22.9,52.19,0,2023,2,3,6,Not Returned
0,female,australia,returning,toys,board games,zenith,bank transfer,mobile,referral,standard,express,south,winter,no,Friday,1,45,27.59,3,0,0,17.15,4.81,104.73,8,4.4,975.85,29.41,30.8,0,2023,2,3,6,Not Returned
1,female,pakistan,loyal,electronics,laptop,urbanco,bank transfer,mobile,organic search,standard,pickup,south,winter,no,Friday,1,31,1130.55,4,15,678.33,8.18,281.27,4133.32,8,3,50000,14.58,602.64,1,2023,2,3,6,Returned
0,female,canada,new,toys,puzzles,quickcart,debit card,mobile,direct,standard,express,south,winter,no,Friday,1,48,26.98,4,15,16.19,15.41,12.11,119.25,0,4.9,1219,14.27,17.02,0,2023,2,3,6,Not Returned
0,female,canada,premium,home & kitchen,decor,trendify,cash on delivery,mobile,referral,silver,standard,west,winter,no,Saturday,1,31,160.62,5,10,80.31,11.45,76.58,810.82,5,4.1,4348.88,19.03,154.3,1,2023,2,4,7,Not Returned
0,male,canada,returning,fashion,shoes,urbanco,debit card,desktop,social media,silver,same day,central,winter,no,Saturday,1,57,79.47,3,0,0,20.66,19.42,278.49,3,3.7,3335,22.17,61.74,0,2023,2,4,7,Not Returned
0,female,germany,returning,toys,action figures,primeplus,debit card,mobile,social media,standard,standard,west,winter,no,Saturday,1,39,21.4,1,25,5.35,5.49,1.61,23.15,7,2.9,120.76,23.16,5.36,0,2023,2,4,7,Returned
0,male,pakistan,new,electronics,headphones,trendify,paypal,mobile,organic search,gold,standard,west,winter,yes,Saturday,1,44,538.95,7,15,565.9,6.77,222.83,3436.35,6,4.4,17083.88,3,103.09,1,2023,2,4,7,Not Returned
0,male,germany,returning,electronics,laptop,trendify,bank transfer,desktop,email,standard,pickup,central,winter,no,Monday,1,26,261.33,1,5,13.07,6.05,26.37,280.68,9,3.7,2475.84,12.13,34.05,0,2023,2,6,2,Not Returned
0,female,saudi arabia,returning,electronics,mobile,nova,paypal,mobile,email,gold,express,east,winter,no,Tuesday,1,36,517.05,3,10,155.11,13.99,116.15,1526.18,6,3.4,22698.85,24.73,377.42,1,2023,2,7,3,Returned
0,female,saudi arabia,returning,electronics,laptop,valuemax,wallet,mobile,organic search,standard,standard,west,winter,no,Tuesday,1,43,755,6,15,679.5,13.81,387.19,4251.5,7,5,27701.32,18.31,778.45,1,2023,2,7,3,Not Returned
0,male,united kingdom,new,home & kitchen,appliances,freshmart,bank transfer,mobile,direct,standard,express,central,winter,no,Tuesday,1,24,293.57,2,25,146.78,11.75,56.08,508.19,2,4.4,7305.76,28.58,145.24,1,2023,2,7,3,Not Returned
0,male,germany,loyal,fashion,bags,trendify,paypal,mobile,referral,gold,standard,west,winter,yes,Wednesday,1,46,38.57,3,0,0,1.18,8.23,125.12,10,2.6,1672.01,24.22,30.3,0,2023,2,8,4,Returned
0,other,germany,loyal,toys,board games,quickcart,cash on delivery,mobile,paid ads,gold,standard,central,winter,no,Wednesday,1,44,21.07,5,10,10.54,9.25,9.82,113.88,6,3.9,1840.47,15.02,17.1,0,2023,2,8,4,Not Returned
0,male,pakistan,new,fashion,shoes,quickcart,debit card,desktop,organic search,gold,standard,west,winter,no,Wednesday,1,40,105.14,4,10,42.06,2.65,47.42,428.57,5,3.2,1810.35,26.2,112.29,1,2023,2,8,4,Returned
0,male,india,returning,electronics,headphones,apex,bank transfer,mobile,paid ads,silver,standard,south,winter,no,Thursday,1,19,756.56,1,35,264.8,7.91,64.69,564.36,8,4.4,9646.7,16.56,93.46,1,2023,2,9,5,Not Returned
1,female,saudi arabia,new,groceries,snacks,valuemax,bank transfer,mobile,email,standard,standard,west,winter,no,Friday,1,49,14.62,5,15,10.96,13.1,5.3,80.54,4,3.7,720.9,28.14,22.66,0,2023,2,10,6,Not Returned
0,female,saudi arabia,loyal,home & kitchen,furniture,ecolife,credit card,mobile,referral,gold,express,south,winter,yes,Friday,1,50,78.03,3,15,35.11,13.35,26.01,238.34,3,4.4,2267.35,7.02,16.73,0,2023,2,10,6,Not Returned
0,other,uae,loyal,home & kitchen,appliances,valuemax,credit card,mobile,social media,standard,standard,central,winter,no,Friday,1,42,63.74,3,35,66.93,11.61,18.22,154.12,3,4.6,2136.13,14.94,23.03,0,2023,2,10,6,Not Returned
0,female,germany,new,electronics,accessories,ecolife,debit card,mobile,organic search,gold,express,east,winter,no,Saturday,1,27,195.13,4,10,78.05,15.94,37.38,755.79,2,5,13387.32,24.98,188.8,1,2023,2,11,7,Not Returned
0,female,saudi arabia,loyal,groceries,beverages,apex,wallet,mobile,direct,silver,standard,central,winter,no,Saturday,1,53,22.67,2,0,0,4.74,5.16,55.24,0,4.4,1182.17,25.2,13.92,0,2023,2,11,7,Not Returned
1,female,united kingdom,returning,home & kitchen,cookware,urbanco,cash on delivery,mobile,email,standard,pickup,south,winter,no,Saturday,1,50,204.81,2,5,20.48,9.94,46.34,445.42,1,3.5,3647.08,7.73,34.43,1,2023,2,11,7,Returned
1,female,saudi arabia,new,toys,educational,zenith,bank transfer,mobile,organic search,standard,express,east,winter,no,Sunday,1,41,39.47,3,25,29.6,17.58,9.86,116.25,5,2.8,1887.69,37.04,43.06,0,2023,2,12,1,Returned
1,male,australia,new,fashion,bags,nova,debit card,mobile,referral,silver,standard,south,winter,no,Sunday,1,33,48.04,3,0,0,3.91,12.34,160.37,9,2.3,1904.14,35.39,56.75,0,2023,2,12,1,Returned
0,male,india,returning,home & kitchen,decor,freshmart,paypal,mobile,organic search,gold,same day,west,winter,no,Monday,1,43,144.77,2,15,43.43,19.94,16.37,282.42,0,3.7,4328.57,22.39,63.23,0,2023,2,13,2,Not Returned
0,female,australia,returning,electronics,accessories,quickcart,paypal,mobile,direct,standard,standard,west,winter,no,Monday,1,49,303.07,3,5,45.46,8.08,69.01,940.84,6,4.3,11299.01,6.67,62.75,1,2023,2,13,2,Not Returned
0,female,australia,returning,home & kitchen,furniture,valuemax,debit card,mobile,organic search,silver,express,north,winter,no,Tuesday,1,38,152.71,4,5,30.54,16.38,24.17,620.85,3,5,11473.16,21.92,136.09,1,2023,2,14,3,Not Returned
0,male,pakistan,returning,beauty,makeup,apex,cash on delivery,mobile,organic search,silver,standard,south,winter,no,Tuesday,1,18,67.43,2,30,40.46,7.49,10.37,112.26,6,4.9,1668.2,23.44,26.31,0,2023,2,14,3,Not Returned
0,male,france,premium,fashion,men clothing,primeplus,bank transfer,mobile,social media,silver,express,east,winter,no,Tuesday,1,36,74.9,3,10,22.47,17.88,13.21,233.32,1,4.7,1915.91,35.67,83.23,0,2023,2,14,3,Not Returned
0,male,united states,returning,sports,outdoor,quickcart,paypal,mobile,referral,standard,express,west,winter,no,Tuesday,1,36,180.55,4,20,144.44,12.53,26.79,617.08,5,4.8,9072.66,11.04,68.13,1,2023,2,14,3,Not Returned
0,male,india,new,electronics,laptop,nova,cash on delivery,desktop,organic search,standard,standard,east,winter,no,Wednesday,1,27,473.13,5,15,354.85,7.15,195.12,2213.07,5,3.9,29028.13,23.96,530.25,1,2023,2,15,4,Not Returned
0,male,germany,returning,groceries,dairy,quickcart,debit card,mobile,paid ads,gold,standard,north,winter,no,Wednesday,1,21,41.45,2,15,12.44,1.42,5.86,77.74,2,5,922.61,30.05,23.36,0,2023,2,15,4,Not Returned
0,female,france,premium,groceries,snacks,valuemax,wallet,desktop,referral,silver,standard,east,winter,no,Wednesday,1,28,21.35,3,30,19.22,8.01,3.42,56.26,3,4.9,2189.23,36.82,20.71,0,2023,2,15,4,Not Returned
0,female,united states,returning,home & kitchen,furniture,zenith,bank transfer,mobile,email,standard,standard,central,winter,no,Thursday,1,29,158.74,2,15,47.62,4.13,13.83,287.82,7,4.2,4551.85,17.46,50.25,0,2023,2,16,5,Not Returned
0,male,united states,new,electronics,laptop,zenith,wallet,mobile,organic search,standard,pickup,east,winter,no,Friday,1,42,607.21,4,30,728.65,9.64,146.69,1856.52,6,5,5898.05,8.88,164.86,1,2023,2,17,6,Not Returned
0,female,saudi arabia,new,beauty,makeup,zenith,cash on delivery,mobile,paid ads,silver,pickup,south,winter,no,Friday,1,50,31.69,2,10,6.34,8.63,4.17,69.84,6,4.4,414.5,26.02,18.17,0,2023,2,17,6,Not Returned
0,female,canada,new,groceries,fresh produce,urbanco,paypal,desktop,email,silver,standard,central,winter,no,Friday,1,56,30.86,1,10,3.09,4.46,3.23,35.46,4,3.6,160.38,31.37,11.12,0,2023,2,17,6,Not Returned
0,female,saudi arabia,loyal,books,fiction,ecolife,debit card,mobile,email,standard,standard,north,winter,no,Friday,1,39,19.38,4,0,0,6.78,8.48,92.78,7,4.6,1782.49,15.61,14.48,0,2023,2,17,6,Not Returned
0,male,pakistan,premium,home & kitchen,decor,urbanco,debit card,mobile,paid ads,standard,standard,west,winter,no,Saturday,1,38,99.1,1,25,24.78,3.54,3.43,81.29,5,4.1,1476.2,19.84,16.13,0,2023,2,18,7,Not Returned
0,male,france,premium,home & kitchen,appliances,quickcart,paypal,desktop,direct,silver,standard,west,winter,no,Saturday,1,21,287.31,2,10,57.46,7.5,62.78,587.44,1,4,6915.1,37.5,220.29,1,2023,2,18,7,Not Returned
0,male,pakistan,new,fashion,bags,primeplus,paypal,mobile,referral,silver,standard,north,winter,no,Saturday,1,32,52.06,4,20,41.65,12.59,24.74,203.92,6,3.2,2190.67,35.48,72.35,0,2023,2,18,7,Returned
0,male,australia,loyal,toys,action figures,zenith,bank transfer,desktop,direct,standard,same day,south,winter,no,Saturday,1,26,21.33,5,0,0,25.18,8.34,140.17,0,4.6,2138.58,32.07,44.95,0,2023,2,18,7,Not Returned
0,male,australia,new,beauty,haircare,freshmart,credit card,mobile,direct,gold,standard,north,winter,no,Sunday,1,32,28.94,3,25,21.7,4.76,9.8,79.68,7,4.7,1558.46,30.78,24.53,0,2023,2,19,1,Not Returned
0,female,germany,returning,sports,outdoor,valuemax,cash on delivery,mobile,social media,silver,standard,central,winter,no,Sunday,1,34,85.76,4,0,0,6.51,25.45,375,5,3.4,1590.6,5.45,20.44,0,2023,2,19,1,Returned
0,male,germany,returning,fashion,men clothing,trendify,bank transfer,mobile,email,gold,standard,north,winter,no,Sunday,1,57,24.82,1,15,3.72,1.27,2.69,25.06,2,4,20,30.7,7.69,0,2023,2,19,1,Not Returned
0,male,united states,returning,fashion,men clothing,freshmart,wallet,tablet,email,standard,standard,east,winter,no,Sunday,1,45,41.45,3,15,18.65,6.84,14.27,126.81,3,3.1,807.59,19.22,24.37,0,2023,2,19,1,Returned
0,female,australia,new,fashion,women clothing,primeplus,debit card,mobile,referral,standard,standard,south,winter,yes,Sunday,1,42,48.15,5,10,24.08,9.36,14.6,240.63,6,3.9,1295.77,22.36,53.8,0,2023,2,19,1,Not Returned
1,male,canada,returning,groceries,beverages,zenith,wallet,mobile,email,silver,standard,east,winter,no,Monday,1,30,20.77,2,35,14.54,8.44,1.84,37.28,4,3.1,234.44,15.56,5.8,0,2023,2,20,2,Returned
0,male,australia,returning,electronics,headphones,ecolife,paypal,desktop,email,gold,standard,north,winter,no,Monday,1,35,517.01,2,10,103.4,5.55,64.61,1000.78,4,3.4,9206.26,15.08,150.92,1,2023,2,20,2,Returned
0,female,germany,returning,groceries,beverages,trendify,credit card,mobile,paid ads,gold,standard,central,winter,yes,Monday,1,45,17.04,2,0,0,1.88,3.34,39.3,5,3.9,632.73,19.68,7.73,0,2023,2,20,2,Not Returned
1,female,uae,loyal,home & kitchen,appliances,nova,debit card,desktop,email,gold,standard,south,winter,no,Tuesday,1,41,114.6,2,5,11.46,3.2,24.12,245.06,9,2.6,2343.59,22.11,54.18,0,2023,2,21,3,Returned
0,female,canada,loyal,home & kitchen,cookware,valuemax,bank transfer,mobile,email,standard,standard,central,winter,no,Tuesday,1,37,57.46,2,30,34.48,6.15,5.56,92.15,7,5,1027.59,23.54,21.69,0,2023,2,21,3,Not Returned
1,female,uae,loyal,groceries,beverages,quickcart,wallet,mobile,social media,standard,standard,north,winter,no,Tuesday,1,29,20.9,1,0,0,5.49,0.79,27.18,3,3.3,1406.2,3,0.82,0,2023,2,21,3,Returned
0,male,united kingdom,premium,home & kitchen,cookware,apex,cash on delivery,tablet,email,standard,standard,south,winter,yes,Wednesday,1,29,216.1,2,10,43.22,6.39,33.52,428.89,3,4.4,8456.83,31.85,136.6,1,2023,2,22,4,Not Returned
0,male,united kingdom,premium,fashion,bags,freshmart,wallet,mobile,email,silver,express,central,winter,no,Wednesday,1,41,56.25,2,25,28.12,12.89,8.06,105.33,3,4.3,2180.62,8.05,8.48,0,2023,2,22,4,Not Returned
0,male,canada,returning,electronics,mobile,nova,bank transfer,mobile,referral,standard,express,west,winter,no,Wednesday,1,30,545.12,3,0,0,13.43,53.21,1702,6,3.8,25876.87,20.05,341.25,1,2023,2,22,4,Not Returned
0,male,germany,returning,groceries,fresh produce,ecolife,bank transfer,desktop,organic search,standard,standard,south,winter,yes,Thursday,1,27,23.07,5,10,11.54,11.53,5.13,120.47,5,4.6,975.31,11.18,13.47,0,2023,2,23,5,Not Returned
0,male,pakistan,returning,toys,educational,zenith,wallet,mobile,paid ads,standard,standard,west,winter,no,Thursday,1,37,23.22,3,15,10.45,2.59,8.35,70.15,5,4.8,515.63,3,2.1,0,2023,2,23,5,Not Returned
0,male,germany,returning,books,fiction,primeplus,credit card,desktop,email,platinum,standard,south,winter,yes,Thursday,1,35,20.84,2,0,0,0,3.67,45.35,6,3.3,461.74,20.7,9.39,0,2023,2,23,5,Returned
0,female,pakistan,premium,groceries,dairy,quickcart,paypal,mobile,social media,silver,standard,west,winter,no,Friday,1,30,10.83,3,25,8.12,7.34,3.24,34.95,1,4.4,1273.03,15.33,5.36,0,2023,2,24,6,Not Returned
0,male,canada,loyal,toys,educational,zenith,bank transfer,mobile,direct,platinum,standard,central,winter,no,Saturday,1,44,20.83,3,35,21.87,2.67,4.25,47.54,4,5,1691.51,15.19,7.22,0,2023,2,25,7,Not Returned
0,male,uae,new,fashion,shoes,primeplus,wallet,mobile,referral,silver,standard,east,winter,no,Saturday,1,34,56.82,4,15,34.09,8.63,23.68,225.5,7,3.7,119.38,13.9,31.34,0,2023,2,25,7,Not Returned
0,female,canada,returning,electronics,headphones,primeplus,credit card,mobile,email,standard,standard,east,winter,no,Saturday,1,30,477.07,5,10,238.54,8.85,78.59,2234.25,6,4.9,39544.14,17.34,387.42,1,2023,2,25,7,Not Returned
0,male,pakistan,returning,beauty,haircare,trendify,paypal,mobile,social media,silver,express,west,winter,no,Monday,1,42,21.83,2,0,0,13.76,5,62.42,1,4.4,1241.67,41.33,25.8,0,2023,2,27,2,Not Returned
0,male,australia,returning,electronics,accessories,zenith,wallet,desktop,referral,standard,standard,south,winter,no,Monday,1,49,605.62,3,10,181.69,7.81,202.67,1845.65,6,3.8,10034.76,22.17,409.18,1,2023,2,27,2,Not Returned
0,female,india,returning,home & kitchen,furniture,freshmart,paypal,mobile,social media,silver,express,west,winter,no,Monday,1,45,212.86,3,15,95.79,15.02,31.69,589.5,2,3.9,10912.41,3,17.68,1,2023,2,27,2,Not Returned
0,female,saudi arabia,loyal,home & kitchen,furniture,ecolife,debit card,desktop,direct,silver,express,west,winter,no,Monday,1,33,182.14,3,5,27.32,12.99,35.44,567.53,4,4.8,4755.98,16.84,95.57,1,2023,2,27,2,Not Returned
1,female,pakistan,premium,books,education,quickcart,cash on delivery,desktop,social media,silver,standard,south,winter,no,Tuesday,1,46,15.2,4,20,12.16,8.42,7.24,64.3,4,3.3,1808.8,16.11,10.36,0,2023,2,28,3,Returned
0,female,united kingdom,returning,fashion,bags,urbanco,debit card,mobile,direct,standard,standard,south,winter,no,Tuesday,1,60,83.15,6,40,199.56,9.59,45.72,354.65,6,3.7,1481.63,15.48,54.9,0,2023,2,28,3,Not Returned
1,male,united states,loyal,electronics,mobile,trendify,debit card,desktop,email,standard,standard,east,spring,no,Wednesday,1,21,795.46,4,10,318.18,11.19,218,3092.85,5,2.9,16603.46,18.16,561.66,1,2023,3,1,4,Returned
0,male,australia,loyal,beauty,fragrance,ecolife,wallet,desktop,organic search,silver,standard,east,spring,no,Thursday,1,18,26.89,5,10,13.44,11.3,7.13,139.44,6,2.2,1922.64,39.05,54.45,0,2023,3,2,5,Returned
1,male,uae,returning,fashion,men clothing,valuemax,debit card,desktop,paid ads,silver,express,west,spring,no,Thursday,1,20,158.16,5,15,118.62,21.02,57.88,751.08,2,3.2,9480.18,39.64,297.73,1,2023,3,2,5,Returned
1,male,uae,loyal,fashion,bags,trendify,cash on delivery,desktop,email,standard,standard,north,spring,no,Thursday,1,32,141.39,3,0,0,7.19,40.45,471.81,4,3.2,3931.26,34.51,162.82,1,2023,3,2,5,Returned
0,male,india,premium,fashion,women clothing,primeplus,cash on delivery,mobile,paid ads,silver,express,south,spring,no,Thursday,1,28,104.01,3,10,31.2,17.63,23.71,322.17,0,3.1,4177.73,17.11,55.12,0,2023,3,2,5,Returned
0,male,uae,loyal,groceries,beverages,urbanco,bank transfer,desktop,social media,gold,express,south,spring,no,Thursday,1,24,23.43,4,25,23.43,15.26,5.26,90.81,0,3.9,1690.17,26.67,24.22,0,2023,3,2,5,Not Returned
0,male,uae,returning,electronics,mobile,zenith,bank transfer,mobile,email,gold,pickup,west,spring,no,Friday,1,18,599.71,4,25,599.71,4.5,286.76,2090.39,8,4.1,35805.19,21.7,453.61,1,2023,3,3,6,Not Returned
0,female,saudi arabia,loyal,groceries,beverages,urbanco,wallet,tablet,social media,silver,express,north,spring,no,Saturday,1,50,9.23,3,15,4.15,18.63,2.81,44.98,5,4.5,1191.55,20.11,9.05,0,2023,3,4,7,Not Returned
0,male,canada,returning,books,non-fiction,ecolife,wallet,mobile,social media,platinum,standard,west,spring,no,Saturday,1,35,14.82,3,35,15.56,1.83,4.72,35.45,5,5,271.94,15.57,5.52,0,2023,3,4,7,Not Returned
0,male,united states,loyal,books,education,primeplus,bank transfer,mobile,social media,platinum,express,east,spring,no,Saturday,1,38,31.16,2,25,15.58,9.16,6.85,62.75,2,4.8,1566.49,23.49,14.74,0,2023,3,4,7,Not Returned
0,male,united kingdom,returning,fashion,men clothing,quickcart,bank transfer,mobile,referral,silver,standard,east,spring,no,Saturday,1,31,51.67,4,0,0,9.28,11.4,227.36,7,3.6,1503.34,30.83,70.1,0,2023,3,4,7,Returned
0,female,australia,new,fashion,bags,valuemax,credit card,desktop,direct,standard,standard,west,spring,no,Saturday,1,31,65.77,4,0,0,12.26,12.6,287.94,7,4.5,5031.78,26.28,75.67,0,2023,3,4,7,Not Returned
0,male,uae,returning,fashion,bags,quickcart,bank transfer,tablet,referral,standard,express,east,spring,no,Saturday,1,18,113.66,1,15,17.05,13.2,10.6,120.41,1,4.8,2213.11,16.38,19.72,0,2023,3,4,7,Not Returned
0,female,canada,loyal,home & kitchen,decor,apex,bank transfer,desktop,direct,standard,standard,central,spring,no,Saturday,1,40,139.73,4,0,0,8.09,28.57,595.58,0,4.5,6689.71,32.09,191.12,1,2023,3,4,7,Not Returned
0,male,uae,new,electronics,headphones,nova,bank transfer,mobile,organic search,standard,standard,central,spring,no,Sunday,1,31,235.07,3,20,141.04,6.29,69.23,639.69,4,3.9,10525.07,17.95,114.82,1,2023,3,5,1,Not Returned
0,female,pakistan,returning,electronics,mobile,nova,cash on delivery,desktop,email,standard,standard,east,spring,no,Sunday,1,18,492.99,4,30,591.59,7.66,98.44,1486.47,6,3.8,22100.77,5.54,82.35,1,2023,3,5,1,Not Returned
0,female,uae,returning,electronics,accessories,freshmart,wallet,desktop,email,gold,express,east,spring,no,Monday,1,34,399.65,3,30,359.68,14.71,36.18,890.16,2,3.4,13410.35,20.87,185.78,1,2023,3,6,2,Returned
0,male,germany,new,groceries,beverages,quickcart,cash on delivery,desktop,direct,standard,pickup,north,spring,no,Monday,1,30,15.8,2,15,4.74,6.6,2.89,36.35,2,3.9,582.66,16.8,6.11,0,2023,3,6,2,Not Returned
0,female,canada,premium,electronics,accessories,quickcart,debit card,mobile,paid ads,gold,pickup,south,spring,no,Monday,1,47,299.39,5,20,299.39,8.69,113.42,1319.67,3,3.8,10818.24,16.65,219.73,1,2023,3,6,2,Not Returned
0,female,india,loyal,groceries,dairy,trendify,bank transfer,desktop,email,gold,express,west,spring,no,Tuesday,1,18,15.51,3,15,6.98,11.06,1.92,52.53,2,4.2,1582.54,15.96,8.38,0,2023,3,7,3,Not Returned
0,female,saudi arabia,new,electronics,accessories,apex,wallet,mobile,organic search,platinum,standard,central,spring,no,Tuesday,1,41,782.16,5,10,391.08,1.18,446.05,3966.95,6,4.7,50000,14.83,588.3,1,2023,3,7,3,Not Returned
0,male,india,loyal,groceries,dairy,nova,debit card,mobile,referral,standard,express,north,spring,no,Tuesday,1,53,14.75,6,15,13.28,19.51,8.67,103.4,2,3.5,1306.79,15.54,16.07,0,2023,3,7,3,Returned
0,male,saudi arabia,returning,electronics,accessories,urbanco,debit card,mobile,direct,platinum,express,east,spring,no,Wednesday,1,27,536.64,3,25,402.48,6.86,183.19,1397.49,4,4.3,11303.11,4.4,61.49,1,2023,3,8,4,Not Returned
0,other,saudi arabia,returning,sports,equipment,trendify,cash on delivery,tablet,direct,standard,express,east,spring,no,Wednesday,1,36,132.85,1,10,13.28,12.2,12.8,144.57,5,5,1968.48,22.95,33.18,0,2023,3,8,4,Not Returned
0,female,uae,premium,home & kitchen,cookware,nova,bank transfer,desktop,email,standard,standard,north,spring,no,Thursday,1,52,250.18,2,0,0,6.54,18.44,525.34,4,3.6,8737.31,32.68,171.68,1,2023,3,9,5,Returned
0,male,germany,loyal,fashion,women clothing,quickcart,debit card,tablet,direct,gold,standard,south,spring,no,Thursday,1,46,77.8,5,10,38.9,2.48,17.73,370.31,5,3.2,1599.51,32.89,121.79,0,2023,3,9,5,Returned
0,female,uae,loyal,beauty,haircare,freshmart,credit card,mobile,organic search,standard,pickup,central,spring,no,Thursday,1,18,47.09,4,5,9.42,9.34,16.96,205.24,4,3.9,4380.58,12.14,24.92,0,2023,3,9,5,Not Returned
0,female,uae,returning,electronics,headphones,zenith,paypal,mobile,social media,silver,standard,west,spring,no,Thursday,1,49,315.01,6,15,283.51,14.65,91.47,1712.67,7,4.3,15134.72,19.26,329.86,1,2023,3,9,5,Not Returned
0,male,australia,returning,books,non-fiction,trendify,wallet,mobile,paid ads,standard,standard,west,spring,no,Friday,1,40,18.85,3,10,5.66,10.79,2.22,63.9,7,3.1,1015.41,26.42,16.88,0,2023,3,10,6,Returned
0,female,canada,loyal,home & kitchen,appliances,urbanco,debit card,mobile,organic search,gold,same day,north,spring,yes,Friday,1,23,175.38,3,0,0,19.21,28.18,573.53,2,2.9,6935.13,24.3,139.37,1,2023,3,10,6,Returned
0,male,uae,returning,sports,fitness,trendify,credit card,mobile,direct,standard,standard,west,spring,no,Friday,1,18,85.75,4,20,68.6,7.67,19.38,301.45,9,3.5,4790.78,17.38,52.39,0,2023,3,10,6,Not Returned
0,female,france,loyal,toys,action figures,primeplus,wallet,desktop,direct,standard,express,west,spring,no,Saturday,1,52,25.6,2,15,7.68,15.14,5.46,64.12,6,3.7,1296.12,26.4,16.93,0,2023,3,11,7,Not Returned
0,female,united states,loyal,toys,puzzles,nova,paypal,desktop,direct,standard,standard,south,spring,no,Saturday,1,35,21.16,3,40,25.39,8.22,5.22,51.53,5,5,1146.73,20.65,10.64,0,2023,3,11,7,Not Returned
0,male,france,returning,groceries,dairy,freshmart,wallet,desktop,organic search,gold,express,south,spring,no,Saturday,1,25,15.9,2,20,6.36,10.06,1.63,37.13,1,5,316.33,34.02,12.63,0,2023,3,11,7,Not Returned
0,male,france,premium,electronics,accessories,trendify,paypal,desktop,direct,standard,standard,west,spring,no,Saturday,1,28,325.58,5,5,81.4,9.85,123.39,1679.74,3,3.6,25099.09,28.25,474.53,1,2023,3,11,7,Not Returned
0,male,germany,loyal,fashion,shoes,urbanco,bank transfer,mobile,email,platinum,express,west,spring,no,Saturday,1,40,94.73,4,20,75.78,10.84,36.98,350.96,4,5,4217.12,13.81,48.47,0,2023,3,11,7,Not Returned
0,female,united states,returning,groceries,fresh produce,trendify,cash on delivery,mobile,email,standard,express,north,spring,no,Sunday,1,43,14.85,4,10,5.94,18.77,4.15,76.38,4,4.8,1160.83,23,17.57,0,2023,3,12,1,Not Returned
0,male,germany,returning,groceries,dairy,zenith,credit card,mobile,referral,silver,express,central,spring,no,Sunday,1,36,24.64,3,30,22.18,14.65,2.59,68.98,4,4,575.31,23.5,16.21,0,2023,3,12,1,Not Returned
0,male,uae,new,beauty,fragrance,quickcart,wallet,mobile,social media,standard,standard,north,spring,no,Sunday,1,47,37.5,4,20,30,8.69,15.98,144.67,4,3.8,1045.17,22.25,32.19,0,2023,3,12,1,Not Returned
0,female,pakistan,returning,beauty,fragrance,freshmart,wallet,mobile,paid ads,silver,standard,central,spring,no,Monday,1,40,35.94,1,15,5.39,6.01,1.73,38.29,10,3.6,679.28,21.44,8.21,0,2023,3,13,2,Not Returned
0,male,india,returning,toys,puzzles,zenith,wallet,mobile,social media,gold,standard,north,spring,no,Monday,1,46,34.26,2,0,0,3.71,5.41,77.64,7,4.1,1046.98,37.54,29.15,0,2023,3,13,2,Not Returned
0,male,uae,new,electronics,headphones,nova,bank transfer,desktop,paid ads,platinum,standard,central,spring,no,Monday,1,35,292.44,3,0,0,2.73,92.12,972.17,8,5,1729.05,39.06,379.73,1,2023,3,13,2,Not Returned
0,male,pakistan,new,home & kitchen,decor,nova,paypal,desktop,email,standard,standard,north,spring,no,Tuesday,1,43,121.84,2,0,0,4.41,13.88,261.97,8,4.5,3379.81,25.29,66.25,0,2023,3,14,3,Not Returned
0,female,united states,returning,groceries,beverages,freshmart,wallet,mobile,referral,standard,standard,east,spring,no,Tuesday,1,44,25.24,4,10,10.1,11.93,8.62,111.41,9,3.1,288.86,11.51,12.82,0,2023,3,14,3,Not Returned
1,male,united kingdom,new,home & kitchen,decor,ecolife,paypal,desktop,direct,silver,standard,west,spring,no,Tuesday,1,21,84.34,5,20,84.34,11.85,13.55,362.76,5,3.6,4413.41,23.07,83.69,0,2023,3,14,3,Returned
0,female,canada,loyal,home & kitchen,cookware,nova,debit card,desktop,referral,gold,same day,west,spring,yes,Tuesday,1,39,63.87,3,0,0,20.64,15.03,227.28,0,4.5,3306.23,29.41,66.84,0,2023,3,14,3,Not Returned
0,male,uae,returning,groceries,fresh produce,apex,bank transfer,mobile,referral,standard,standard,central,spring,no,Wednesday,1,45,23.82,2,5,2.38,7.9,5.31,58.47,6,4.5,617.96,7.72,4.51,0,2023,3,15,4,Not Returned
0,male,united states,loyal,fashion,women clothing,quickcart,debit card,tablet,social media,standard,standard,east,spring,no,Wednesday,1,18,31.18,3,25,23.38,5.91,8.45,84.52,1,4.2,957.42,9.84,8.32,0,2023,3,15,4,Not Returned
0,female,france,new,electronics,laptop,primeplus,cash on delivery,desktop,referral,standard,standard,north,spring,no,Wednesday,1,35,250.18,4,5,50.04,4.58,48.38,1003.64,7,5,15420.82,18.29,183.57,1,2023,3,15,4,Not Returned
0,female,uae,new,groceries,snacks,valuemax,credit card,mobile,email,gold,express,south,spring,no,Thursday,1,30,15.5,2,25,7.75,9.37,3.4,36.02,2,4.7,261.74,11.47,4.13,0,2023,3,16,5,Not Returned
0,female,france,returning,groceries,fresh produce,urbanco,paypal,desktop,organic search,standard,express,south,spring,no,Thursday,1,18,11.49,3,35,12.06,16.83,1.44,40.68,6,2.7,803.06,13.81,5.62,0,2023,3,16,5,Returned
0,male,united states,returning,electronics,accessories,freshmart,bank transfer,mobile,organic search,standard,standard,central,spring,no,Thursday,1,29,822.31,3,0,0,6.78,144.44,2618.15,3,3.2,47453.71,22.55,590.39,1,2023,3,16,5,Returned
0,female,united states,returning,groceries,beverages,zenith,credit card,mobile,social media,standard,standard,central,spring,yes,Friday,1,29,24.29,4,0,0,10.53,10.55,118.24,6,4.2,2190.18,32.9,38.9,0,2023,3,17,6,Not Returned
0,female,united kingdom,returning,groceries,dairy,freshmart,cash on delivery,mobile,email,silver,express,central,spring,no,Friday,1,20,10.82,2,10,2.16,12.69,0.71,32.88,2,4,398.75,29.04,9.55,0,2023,3,17,6,Not Returned
0,male,france,new,home & kitchen,decor,nova,cash on delivery,desktop,referral,standard,standard,north,spring,no,Friday,1,39,149.25,3,0,0,5.49,42.92,496.16,9,3.6,9364.45,10.92,54.18,1,2023,3,17,6,Not Returned
0,male,united states,returning,home & kitchen,appliances,freshmart,debit card,mobile,referral,standard,standard,central,spring,no,Saturday,1,39,176.81,2,0,0,6.32,15.33,375.27,5,5,2877.21,21.63,81.17,0,2023,3,18,7,Not Returned
0,male,pakistan,loyal,groceries,fresh produce,primeplus,bank transfer,mobile,social media,gold,standard,south,spring,no,Saturday,1,47,10.48,3,0,0,4.95,1.41,37.8,5,4.4,744.12,29.99,11.34,0,2023,3,18,7,Not Returned
0,female,india,loyal,home & kitchen,appliances,primeplus,wallet,desktop,social media,standard,standard,south,spring,no,Saturday,1,18,190.15,4,15,114.09,10.6,78.58,735.69,6,3.9,8953.44,5.07,37.3,1,2023,3,18,7,Not Returned
0,male,united kingdom,returning,books,education,valuemax,credit card,mobile,referral,gold,standard,south,spring,no,Monday,1,28,19.05,2,30,11.43,1.18,2.02,29.87,10,4.9,20,22.14,6.61,0,2023,3,20,2,Not Returned
0,male,india,new,beauty,haircare,zenith,paypal,mobile,direct,standard,standard,west,spring,no,Monday,1,26,83.22,4,35,116.51,9.4,20.7,246.47,6,4.5,3908.88,52.47,129.32,0,2023,3,20,2,Not Returned
0,female,uae,returning,groceries,fresh produce,freshmart,wallet,mobile,email,silver,pickup,north,spring,no,Tuesday,1,48,8.63,2,20,3.45,7.56,1.04,22.41,1,4.7,397.63,10.94,2.45,0,2023,3,21,3,Not Returned
0,female,canada,premium,groceries,fresh produce,ecolife,credit card,mobile,direct,standard,standard,west,spring,no,Tuesday,1,37,14.2,1,0,0,5.57,1.26,21.03,7,4.8,1661.42,22.09,4.65,0,2023,3,21,3,Not Returned
0,female,germany,new,fashion,shoes,valuemax,debit card,mobile,referral,silver,standard,west,spring,no,Wednesday,1,39,75.28,3,15,33.88,7.3,18.2,217.46,7,3.4,2538.22,27.27,59.3,0,2023,3,22,4,Returned
0,other,india,loyal,fashion,bags,quickcart,bank transfer,desktop,email,gold,standard,east,spring,no,Wednesday,1,29,43.5,4,35,60.9,5.43,13.59,132.12,10,3.8,2014.73,17.21,22.74,0,2023,3,22,4,Not Returned
0,female,united states,new,home & kitchen,furniture,urbanco,bank transfer,mobile,referral,silver,express,central,spring,no,Wednesday,1,30,88.99,4,30,106.79,15.97,40.79,305.93,0,4.6,1827.99,20.72,63.39,0,2023,3,22,4,Not Returned
1,female,pakistan,returning,fashion,shoes,trendify,bank transfer,mobile,email,silver,express,east,spring,no,Thursday,1,18,62.93,3,15,28.32,17.76,15.23,193.46,3,2.7,1799.3,32.56,62.99,0,2023,3,23,5,Returned
0,male,france,returning,home & kitchen,decor,valuemax,credit card,desktop,referral,standard,standard,east,spring,no,Thursday,1,38,274.96,3,10,82.49,6.51,55.85,804.75,8,5,13471.89,26.76,215.35,1,2023,3,23,5,Not Returned
0,male,india,new,fashion,bags,valuemax,wallet,mobile,email,standard,express,west,spring,no,Thursday,1,29,92.26,4,0,0,11.22,18.77,399.03,3,4.6,1121.9,25.2,100.56,1,2023,3,23,5,Not Returned
0,male,uae,returning,electronics,mobile,urbanco,debit card,mobile,referral,standard,standard,west,spring,no,Saturday,1,24,182.4,3,25,136.8,7.92,24.1,442.42,6,4.1,1010.33,21.01,92.95,1,2023,3,25,7,Not Returned
0,male,india,premium,sports,outdoor,apex,credit card,mobile,organic search,silver,express,west,spring,no,Saturday,1,26,159.32,2,10,31.86,11.88,10.34,309,6,4.1,2729.44,42.84,132.38,0,2023,3,25,7,Not Returned
0,female,france,new,groceries,dairy,urbanco,credit card,mobile,direct,standard,standard,north,spring,no,Sunday,1,18,19.29,2,0,0,3,2.91,44.49,6,4.5,906.89,12.01,5.34,0,2023,3,26,1,Not Returned
0,female,canada,new,sports,sportswear,zenith,bank transfer,desktop,referral,standard,express,north,spring,no,Monday,1,53,115.17,5,20,115.17,17.75,37.97,516.4,3,4.4,1626.49,28.75,148.46,1,2023,3,27,2,Not Returned
0,male,saudi arabia,loyal,groceries,beverages,urbanco,wallet,tablet,direct,gold,standard,east,spring,no,Monday,1,18,12.59,2,15,3.78,0,1.58,22.98,4,4.2,1029.6,23.08,5.3,0,2023,3,27,2,Not Returned
0,female,uae,new,groceries,fresh produce,nova,bank transfer,mobile,social media,standard,standard,central,spring,no,Monday,1,29,15.49,2,15,4.65,5.15,3.27,34.75,7,4.4,239.28,22.7,7.89,0,2023,3,27,2,Not Returned
0,female,canada,returning,electronics,mobile,ecolife,cash on delivery,desktop,email,standard,standard,north,spring,no,Monday,1,42,324.12,3,0,0,8.74,60.99,1042.09,7,4.8,16845.6,24.83,258.75,1,2023,3,27,2,Not Returned
0,female,uae,new,groceries,beverages,primeplus,wallet,tablet,referral,standard,express,south,spring,no,Monday,1,36,19.59,2,0,0,15.82,4.05,59.05,2,4.7,1227.02,28.99,17.12,0,2023,3,27,2,Not Returned
0,male,united states,loyal,fashion,bags,ecolife,credit card,desktop,direct,standard,standard,north,spring,no,Monday,1,42,96.3,5,25,120.38,13.25,49.47,423.84,5,3.8,6883.72,16.49,69.89,1,2023,3,27,2,Not Returned
0,female,canada,returning,fashion,women clothing,zenith,credit card,tablet,direct,standard,standard,west,spring,no,Tuesday,1,42,56.52,2,20,22.61,5.22,12.16,107.81,7,3.9,442.65,10.77,11.61,0,2023,3,28,3,Not Returned
0,female,france,new,electronics,laptop,valuemax,paypal,mobile,organic search,standard,pickup,south,spring,no,Tuesday,1,18,178.51,2,5,17.85,5.46,33.67,378.3,5,4.2,1907.95,9.93,37.57,0,2023,3,28,3,Not Returned
0,male,canada,returning,sports,sportswear,apex,wallet,desktop,referral,standard,express,east,spring,no,Wednesday,1,37,73.09,3,20,43.85,15.06,16.39,206.87,0,4.4,1749.55,22.83,47.23,0,2023,3,29,4,Not Returned
0,male,uae,new,sports,sportswear,ecolife,cash on delivery,mobile,referral,gold,standard,central,spring,yes,Thursday,1,29,67.3,3,10,20.19,8.94,16.96,207.61,7,3.9,2399.86,3,6.23,0,2023,3,30,5,Not Returned
0,female,germany,new,beauty,skincare,ecolife,debit card,mobile,email,silver,standard,central,spring,no,Thursday,1,46,26.78,3,10,8.03,8.73,3.77,84.81,3,3.6,1206.38,38.09,32.3,0,2023,3,30,5,Not Returned
1,male,australia,loyal,electronics,laptop,zenith,wallet,desktop,direct,standard,pickup,north,spring,yes,Saturday,2,22,268.16,2,0,0,9.63,25.19,571.14,2,2.3,10731.75,25.57,146.04,1,2023,4,1,7,Returned
0,male,germany,returning,fashion,men clothing,primeplus,paypal,tablet,referral,gold,express,central,spring,no,Saturday,2,46,98.77,2,0,0,12.05,15.55,225.14,2,5,1190.54,22.33,50.27,0,2023,4,1,7,Not Returned
1,female,uae,new,electronics,headphones,trendify,bank transfer,mobile,direct,standard,standard,south,spring,no,Saturday,2,49,490.25,5,35,857.94,12.58,210.07,1815.96,8,2.9,11532.64,18.17,329.96,1,2023,4,1,7,Returned
1,female,united states,loyal,groceries,dairy,primeplus,bank transfer,mobile,email,standard,pickup,east,spring,no,Saturday,2,51,18.41,4,5,3.68,11.55,2.71,84.22,5,2.7,2081.13,19.37,16.31,0,2023,4,1,7,Returned
0,male,united states,returning,electronics,laptop,valuemax,paypal,mobile,paid ads,gold,standard,central,spring,no,Saturday,2,35,209.17,6,0,0,10.37,107.29,1372.68,4,2.9,5258.72,21.16,290.46,1,2023,4,1,7,Returned
0,female,france,loyal,books,comics,zenith,cash on delivery,mobile,direct,silver,pickup,west,spring,yes,Sunday,2,35,37.19,1,5,1.86,8.33,1.84,45.5,2,3.8,1288.97,43.28,19.69,0,2023,4,2,1,Not Returned
0,male,uae,loyal,home & kitchen,decor,quickcart,paypal,mobile,referral,standard,express,central,spring,no,Sunday,2,41,216.27,4,25,216.27,14.57,54.04,717.42,3,5,11378,22.55,161.78,1,2023,4,2,1,Not Returned
0,male,canada,premium,sports,equipment,zenith,wallet,desktop,email,silver,same day,central,spring,no,Sunday,2,45,110.87,3,0,0,22.41,20.09,375.11,0,5,5262.34,23.39,87.74,0,2023,4,2,1,Not Returned
0,female,india,premium,fashion,women clothing,ecolife,bank transfer,tablet,email,standard,express,south,spring,yes,Tuesday,2,20,57.99,2,5,5.8,14.82,11.2,136.2,7,4.8,2956.12,25.14,34.24,0,2023,4,4,3,Not Returned
0,female,india,loyal,fashion,women clothing,urbanco,credit card,tablet,social media,standard,standard,south,spring,no,Tuesday,2,44,78.71,2,25,39.35,7.11,14.59,139.77,2,4.3,1897.37,33.59,46.95,0,2023,4,4,3,Not Returned
0,female,pakistan,new,fashion,shoes,valuemax,wallet,desktop,paid ads,silver,standard,east,spring,no,Tuesday,2,23,64.62,3,25,48.46,5.12,7.22,157.74,8,4.3,533.03,18.54,29.24,0,2023,4,4,3,Not Returned
0,female,united kingdom,returning,groceries,beverages,nova,debit card,mobile,referral,standard,express,east,spring,yes,Wednesday,2,30,21.76,3,10,6.53,14.64,2.29,75.68,3,5,388.05,22.43,16.98,0,2023,4,5,4,Not Returned
0,female,canada,returning,groceries,beverages,valuemax,paypal,tablet,referral,platinum,standard,north,spring,no,Wednesday,2,30,13.04,2,10,2.61,1.12,1.38,25.97,4,4,376.4,27.08,7.03,0,2023,4,5,4,Not Returned
0,female,united kingdom,returning,electronics,laptop,apex,debit card,mobile,paid ads,standard,standard,west,spring,no,Wednesday,2,25,394.31,2,20,157.72,6.55,39.65,677.1,4,3.9,8615.42,10.14,68.66,1,2023,4,5,4,Not Returned
1,male,india,returning,fashion,men clothing,urbanco,wallet,mobile,referral,silver,express,west,spring,no,Wednesday,2,25,41.35,2,0,0,13.8,9.42,105.92,5,2.6,1407.8,29.79,31.55,0,2023,4,5,4,Returned
0,female,united states,returning,groceries,dairy,apex,credit card,desktop,direct,gold,standard,central,spring,no,Wednesday,2,42,8.15,5,5,2.04,6.84,2.5,48.05,4,4.8,909.46,34.23,16.45,0,2023,4,5,4,Not Returned
1,male,france,loyal,fashion,shoes,urbanco,credit card,desktop,direct,silver,standard,west,spring,no,Wednesday,2,40,50.06,5,10,25.03,6.71,14.12,246.1,3,2.9,3648.07,27.79,68.39,0,2023,4,5,4,Returned
0,male,france,premium,toys,board games,apex,wallet,mobile,social media,standard,same day,central,spring,no,Thursday,2,23,25.42,2,0,0,22.66,6.07,79.57,0,4.3,1486.91,22.09,17.58,0,2023,4,6,5,Not Returned
0,female,pakistan,returning,groceries,dairy,primeplus,bank transfer,mobile,direct,standard,standard,north,spring,no,Thursday,2,38,8.59,3,20,5.15,7.42,2.79,30.83,6,3.9,571.78,16.87,5.2,0,2023,4,6,5,Not Returned
0,female,australia,new,sports,equipment,apex,credit card,desktop,referral,silver,same day,north,spring,yes,Thursday,2,18,97.43,4,0,0,26.27,27.28,443.27,0,3.8,4540.17,14.31,63.43,1,2023,4,6,5,Not Returned
0,female,united states,new,groceries,dairy,urbanco,cash on delivery,mobile,referral,standard,standard,central,spring,no,Friday,2,33,19.27,4,20,15.42,4.88,3.72,70.26,5,4.5,539.98,20.86,14.66,0,2023,4,7,6,Not Returned
0,female,australia,returning,electronics,headphones,valuemax,wallet,mobile,organic search,silver,standard,west,spring,no,Friday,2,62,382.53,2,35,267.77,6.23,88.78,592.3,5,4,11039.15,6.42,38.03,1,2023,4,7,6,Not Returned
1,other,canada,new,electronics,mobile,urbanco,paypal,desktop,paid ads,standard,express,west,spring,no,Saturday,2,43,459.23,3,25,344.42,13.47,161.61,1208.35,3,3.8,11474.22,12.69,153.34,1,2023,4,8,7,Not Returned
0,male,canada,new,home & kitchen,cookware,urbanco,wallet,desktop,paid ads,standard,standard,south,spring,yes,Saturday,2,19,100.65,2,0,0,3.6,11.65,216.55,7,3.7,1200.46,22.79,49.35,0,2023,4,8,7,Not Returned
0,female,united states,new,electronics,accessories,trendify,cash on delivery,mobile,social media,standard,express,east,spring,no,Tuesday,2,30,893.65,2,15,268.1,14.55,81.36,1615.11,4,4.5,14759.15,4.68,75.59,1,2023,4,11,3,Not Returned
0,female,canada,new,groceries,beverages,apex,wallet,tablet,email,silver,standard,east,spring,no,Tuesday,2,56,7.77,3,30,6.99,10.84,0.82,27.98,3,4.3,635.64,14.71,4.12,0,2023,4,11,3,Not Returned
0,male,france,premium,electronics,headphones,freshmart,debit card,desktop,referral,platinum,express,west,spring,no,Wednesday,2,46,280.13,5,25,350.16,10.42,122.86,1183.77,3,3.9,8814.98,10.4,123.11,1,2023,4,12,4,Not Returned
0,female,india,returning,fashion,women clothing,nova,credit card,mobile,paid ads,standard,express,west,spring,no,Wednesday,2,39,80.69,4,35,112.97,16.91,36.07,262.77,3,4.5,3633.52,23.25,61.09,0,2023,4,12,4,Not Returned
0,male,canada,loyal,sports,fitness,valuemax,debit card,mobile,organic search,standard,express,north,spring,no,Wednesday,2,38,90.61,5,15,67.96,17.18,35.5,437.77,3,4.2,8226.98,11.4,49.91,1,2023,4,12,4,Not Returned
0,male,australia,returning,electronics,laptop,primeplus,paypal,mobile,referral,gold,standard,east,spring,no,Wednesday,2,37,265.41,1,0,0,3.22,13.27,281.9,4,3.8,4512.23,19.77,55.73,0,2023,4,12,4,Not Returned
0,male,canada,premium,sports,outdoor,primeplus,credit card,mobile,social media,standard,standard,east,spring,no,Thursday,2,38,75.81,3,15,34.11,8.38,12.5,214.2,4,4.6,4098.86,20.19,43.25,0,2023,4,13,5,Not Returned
0,female,uae,returning,toys,action figures,zenith,debit card,desktop,referral,standard,standard,south,spring,no,Thursday,2,36,21.35,1,0,0,8.02,2.02,31.39,6,4.5,674.45,15.52,4.87,0,2023,4,13,5,Not Returned
1,male,france,returning,electronics,accessories,primeplus,cash on delivery,mobile,referral,platinum,express,east,spring,no,Thursday,2,45,221.83,3,10,66.55,7.99,24.52,631.45,4,4.6,10207.89,18.58,117.32,1,2023,4,13,5,Not Returned
0,male,uae,new,beauty,haircare,trendify,cash on delivery,desktop,paid ads,standard,pickup,east,spring,no,Thursday,2,33,46.22,3,35,48.53,4.82,8.93,103.88,5,3.8,20,37.11,38.55,0,2023,4,13,5,Not Returned
0,male,saudi arabia,premium,electronics,mobile,quickcart,cash on delivery,desktop,organic search,standard,standard,central,spring,no,Friday,2,19,447.52,1,25,111.88,7.2,43.59,386.43,7,3.8,4889.38,5.16,19.94,0,2023,4,14,6,Not Returned
0,female,saudi arabia,returning,electronics,laptop,primeplus,paypal,mobile,social media,gold,same day,east,spring,no,Friday,2,52,595.44,2,0,0,21.97,66.69,1279.54,4,3.9,14280.53,35.1,449.12,1,2023,4,14,6,Not Returned
1,female,united states,new,toys,puzzles,primeplus,paypal,mobile,email,platinum,express,north,spring,no,Friday,2,51,46.22,2,15,13.87,5.84,3.74,88.15,1,4.2,713.82,17.96,15.83,0,2023,4,14,6,Not Returned
0,female,france,new,electronics,accessories,quickcart,bank transfer,mobile,email,standard,express,south,spring,no,Saturday,2,47,269.77,4,15,161.86,17.57,33.16,967.95,2,3.9,4535.57,15.75,152.45,1,2023,4,15,7,Not Returned
0,female,pakistan,loyal,home & kitchen,appliances,urbanco,paypal,mobile,email,standard,standard,north,spring,no,Saturday,2,44,165.9,2,10,33.18,9.24,12.2,320.06,7,4.2,5421.81,24.22,77.52,0,2023,4,15,7,Not Returned
0,male,united states,loyal,books,comics,primeplus,paypal,mobile,referral,silver,standard,central,spring,no,Saturday,2,22,31.91,7,15,33.51,13.39,7.76,211.01,4,4.7,3897.02,19.96,42.12,0,2023,4,15,7,Not Returned
0,female,canada,new,electronics,mobile,urbanco,debit card,mobile,paid ads,silver,standard,north,spring,no,Saturday,2,30,211.48,5,0,0,8.83,76.76,1142.99,5,4.3,5657.13,22.28,254.66,1,2023,4,15,7,Not Returned
0,female,united states,new,electronics,headphones,urbanco,paypal,mobile,direct,gold,standard,central,spring,no,Sunday,2,49,330.89,3,10,99.27,3.03,33.14,929.57,5,5,2225.54,21.74,202.09,1,2023,4,16,1,Not Returned
0,female,france,new,groceries,fresh produce,freshmart,paypal,mobile,paid ads,platinum,pickup,central,spring,no,Sunday,2,48,8.06,2,25,4.03,0,0.51,12.6,2,4.4,20,15.52,1.96,0,2023,4,16,1,Not Returned
0,male,uae,returning,groceries,snacks,freshmart,debit card,desktop,paid ads,gold,pickup,east,spring,no,Wednesday,2,26,24.58,1,0,0,2.31,2.95,29.84,5,4.6,666.97,38.48,11.48,0,2023,4,19,4,Not Returned
0,female,united kingdom,loyal,groceries,snacks,ecolife,paypal,mobile,paid ads,silver,standard,south,spring,no,Thursday,2,33,25.08,5,25,31.35,6.31,11.01,111.37,5,4.9,1218.92,25.21,28.08,0,2023,4,20,5,Not Returned
0,female,india,premium,books,non-fiction,nova,credit card,desktop,referral,standard,standard,central,spring,yes,Thursday,2,30,20.25,2,0,0,6.12,2.66,49.28,7,3.8,1690.27,33.63,16.57,0,2023,4,20,5,Not Returned
1,male,india,new,books,comics,quickcart,paypal,mobile,paid ads,standard,pickup,south,spring,no,Thursday,2,28,25.32,5,20,25.32,7.08,4.36,112.72,7,1.8,998.01,24.42,27.53,0,2023,4,20,5,Returned
0,male,australia,premium,groceries,snacks,valuemax,bank transfer,mobile,direct,standard,standard,central,spring,no,Saturday,2,36,10.02,1,15,1.5,7.22,0.37,16.11,5,3.7,1343.22,27.49,4.43,0,2023,4,22,7,Not Returned
0,female,germany,new,groceries,fresh produce,freshmart,bank transfer,desktop,email,standard,standard,south,spring,no,Saturday,2,61,24.7,7,15,25.94,13.7,20.6,181.26,6,4.1,3130.68,22.89,41.49,0,2023,4,22,7,Not Returned
0,male,india,returning,beauty,haircare,ecolife,paypal,desktop,paid ads,silver,standard,east,spring,no,Saturday,2,39,38.01,3,10,11.4,6.84,5.5,114.97,7,3.9,1266.62,18.85,21.67,0,2023,4,22,7,Not Returned
0,female,pakistan,returning,beauty,haircare,trendify,debit card,mobile,organic search,standard,standard,central,spring,no,Monday,2,28,55.86,4,35,78.2,8.01,21.15,174.4,5,4.4,3499.84,23.92,41.72,0,2023,4,24,2,Not Returned
0,female,united kingdom,new,home & kitchen,cookware,zenith,bank transfer,desktop,organic search,standard,pickup,south,spring,no,Tuesday,2,42,146.75,3,20,88.05,3.15,32.81,388.16,8,3.9,7400.34,3,11.64,0,2023,4,25,3,Not Returned
0,male,uae,loyal,books,fiction,zenith,paypal,mobile,social media,silver,express,north,spring,no,Tuesday,2,40,20.11,4,35,28.15,14.47,7.23,73.99,4,4.7,1099.34,11.44,8.46,0,2023,4,25,3,Not Returned
0,male,united kingdom,new,fashion,women clothing,primeplus,debit card,tablet,direct,platinum,standard,west,spring,no,Tuesday,2,47,108.77,2,10,21.75,0.31,12.98,209.08,7,2.8,4145.44,26.1,54.57,0,2023,4,25,3,Returned
0,female,france,returning,sports,equipment,primeplus,paypal,mobile,referral,silver,standard,west,spring,no,Wednesday,2,18,34.86,4,0,0,8.6,13.12,161.16,3,3.9,1881.53,21.63,34.86,0,2023,4,26,4,Not Returned
0,male,uae,new,home & kitchen,cookware,ecolife,cash on delivery,mobile,social media,standard,standard,east,spring,no,Thursday,2,44,223.74,6,0,0,10.65,152.48,1505.57,1,3.2,10888.33,26.77,403.04,1,2023,4,27,5,Returned
0,female,united states,returning,electronics,mobile,primeplus,cash on delivery,mobile,email,standard,express,north,spring,no,Thursday,2,39,402.25,2,0,0,14.2,91.11,909.81,2,4.1,11653.38,19,172.86,1,2023,4,27,5,Not Returned
0,male,united kingdom,returning,groceries,beverages,freshmart,paypal,mobile,referral,platinum,pickup,east,spring,no,Friday,2,31,46.68,2,15,14,3.15,6.56,89.07,1,3.9,643.22,15.29,13.62,0,2023,4,28,6,Not Returned
1,female,pakistan,premium,sports,outdoor,trendify,cash on delivery,mobile,referral,standard,standard,south,spring,no,Saturday,2,54,67.59,3,20,40.55,7.07,8.7,177.99,10,1.7,2667.26,19.53,34.76,0,2023,4,29,7,Returned
1,female,france,loyal,electronics,accessories,primeplus,bank transfer,tablet,referral,platinum,standard,north,spring,yes,Saturday,2,30,881.41,5,0,0,5.98,435.68,4848.71,10,2.6,41647.43,24.91,1207.81,1,2023,4,29,7,Returned
0,male,india,returning,fashion,bags,quickcart,bank transfer,mobile,email,standard,standard,west,spring,no,Saturday,2,41,133.13,2,35,93.19,5.61,27.03,205.71,8,4,1470.76,10.39,21.37,0,2023,4,29,7,Not Returned
0,male,saudi arabia,returning,groceries,fresh produce,quickcart,bank transfer,desktop,organic search,standard,express,south,spring,no,Saturday,2,40,15.81,4,15,9.49,14.76,6.43,74.94,4,5,1075.97,25.88,19.39,0,2023,4,29,7,Not Returned
1,female,canada,returning,fashion,bags,primeplus,paypal,mobile,direct,silver,same day,central,spring,no,Saturday,2,45,49.92,1,15,7.49,17.69,3.3,63.42,0,2.7,901.61,30.97,19.64,0,2023,4,29,7,Returned
0,male,united states,premium,sports,equipment,zenith,debit card,mobile,direct,standard,express,east,spring,no,Sunday,2,64,66.69,3,15,30.01,15.24,17.32,202.62,4,4.4,4036.74,23.18,46.97,0,2023,4,30,1,Not Returned
0,male,saudi arabia,returning,groceries,snacks,apex,debit card,mobile,direct,standard,standard,south,spring,no,Monday,2,46,24.41,3,10,7.32,7.28,5.07,78.26,6,3.5,855.2,15.4,12.05,0,2023,5,1,2,Returned
0,female,germany,returning,beauty,skincare,nova,paypal,mobile,direct,standard,express,north,spring,no,Monday,2,34,22.82,3,15,10.27,16.63,7.29,82.11,6,2.9,1365.09,29.42,24.16,0,2023,5,1,2,Returned
0,female,france,new,groceries,snacks,urbanco,paypal,desktop,social media,standard,same day,central,spring,no,Monday,2,39,26.79,4,30,32.15,20.26,4.03,99.3,1,3.2,1175.89,13.17,13.08,0,2023,5,1,2,Returned
0,male,australia,loyal,toys,action figures,freshmart,bank transfer,desktop,paid ads,standard,express,central,spring,no,Tuesday,2,31,13.86,3,25,10.4,15.29,2.46,48.93,2,4.3,798.25,15.1,7.39,0,2023,5,2,3,Not Returned
0,female,united kingdom,returning,toys,puzzles,zenith,debit card,mobile,email,standard,standard,north,spring,no,Wednesday,2,45,61.71,1,30,18.51,2.99,4.97,51.16,3,3.9,717.84,21.28,10.89,0,2023,5,3,4,Not Returned
1,female,pakistan,returning,books,fiction,primeplus,paypal,tablet,organic search,standard,standard,central,spring,no,Wednesday,2,45,25.05,2,10,5.01,4.89,5.53,55.51,4,2.3,1185.53,17.04,9.46,0,2023,5,3,4,Returned
0,female,canada,returning,books,education,primeplus,paypal,desktop,paid ads,standard,same day,south,spring,no,Thursday,2,41,40.33,2,25,20.16,23.02,7.47,90.99,0,3.7,412.67,21.36,19.44,0,2023,5,4,5,Not Returned
0,female,saudi arabia,premium,electronics,accessories,primeplus,credit card,desktop,direct,standard,express,central,spring,no,Thursday,2,34,410.17,3,15,184.58,14.79,72.57,1133.29,1,3.2,22131.52,17.04,193.11,1,2023,5,4,5,Returned
0,female,germany,loyal,home & kitchen,decor,valuemax,paypal,desktop,organic search,gold,express,south,spring,no,Thursday,2,31,67.57,1,0,0,11.49,3.67,82.73,0,4.1,842.26,14.66,12.13,0,2023,5,4,5,Not Returned
0,other,united kingdom,returning,fashion,women clothing,ecolife,credit card,mobile,direct,standard,standard,east,spring,no,Friday,2,35,31.41,3,20,18.85,6.39,10.14,91.91,8,4.4,245.47,12.3,11.3,0,2023,5,5,6,Not Returned
0,male,germany,returning,fashion,bags,valuemax,wallet,mobile,social media,standard,standard,central,spring,no,Friday,2,42,97.03,3,0,0,6.54,16.3,313.93,3,3.4,5721.71,33.76,105.98,0,2023,5,5,6,Returned
0,female,france,returning,groceries,dairy,zenith,paypal,desktop,paid ads,standard,express,north,spring,no,Saturday,2,47,31.3,4,15,18.78,18.18,3.8,128.4,3,4.2,1934.54,10.38,13.33,0,2023,5,6,7,Not Returned
0,male,germany,new,toys,board games,ecolife,bank transfer,mobile,email,standard,standard,east,spring,no,Saturday,2,24,52.79,3,0,0,8.66,12.06,179.09,3,4.4,1734.87,21.59,38.67,0,2023,5,6,7,Not Returned
1,female,uae,loyal,home & kitchen,cookware,nova,cash on delivery,desktop,referral,gold,express,west,spring,no,Saturday,2,27,173.72,3,10,52.12,14.39,52.68,536.11,4,2.5,7155.82,24.61,131.94,1,2023,5,6,7,Returned
0,female,australia,returning,fashion,bags,quickcart,cash on delivery,mobile,referral,silver,pickup,central,spring,no,Saturday,2,49,62.5,6,0,0,10.74,42.46,428.2,3,3.6,3564.62,33.84,144.9,1,2023,5,6,7,Returned
0,female,pakistan,returning,fashion,men clothing,freshmart,paypal,desktop,referral,standard,standard,central,spring,no,Saturday,2,40,78.65,3,20,47.19,11.39,28.24,228.39,8,4.4,861.09,18.1,41.34,0,2023,5,6,7,Not Returned
0,female,australia,returning,fashion,shoes,valuemax,cash on delivery,mobile,direct,platinum,standard,east,spring,no,Sunday,2,36,36.76,1,30,11.03,0.43,2.18,28.34,4,3.9,45.64,24.53,6.95,0,2023,5,7,1,Not Returned
0,female,united states,premium,groceries,fresh produce,trendify,paypal,desktop,referral,gold,express,north,spring,no,Monday,2,18,29.31,3,5,4.4,13.03,3.3,99.86,2,2.9,1244.78,25.12,25.08,0,2023,5,8,2,Returned
0,male,united kingdom,new,fashion,women clothing,primeplus,wallet,mobile,social media,platinum,express,central,spring,no,Tuesday,2,45,44.39,1,0,0,5.45,2.44,52.28,4,4.2,1186.18,34.04,17.8,0,2023,5,9,3,Not Returned
0,male,australia,new,home & kitchen,decor,quickcart,wallet,desktop,organic search,standard,standard,west,spring,no,Tuesday,2,34,109.77,4,20,87.82,7.4,38.41,397.07,4,4.1,3337.64,17.25,68.49,1,2023,5,9,3,Not Returned
0,female,saudi arabia,new,electronics,laptop,zenith,debit card,mobile,referral,platinum,express,north,spring,no,Wednesday,2,35,644.85,3,0,0,8.75,120.12,2063.42,1,4.9,12451.07,27.94,576.52,1,2023,5,10,4,Not Returned
0,male,germany,new,electronics,laptop,urbanco,debit card,desktop,paid ads,silver,standard,east,spring,yes,Wednesday,2,24,223.15,1,5,11.16,3.5,16.33,231.82,3,4.6,1039.56,21.79,50.51,0,2023,5,10,4,Not Returned
0,female,australia,new,sports,sportswear,valuemax,cash on delivery,mobile,social media,silver,standard,west,spring,no,Wednesday,2,53,44.04,2,0,0,5.49,8.45,102.02,6,5,1045.87,28,28.57,0,2023,5,10,4,Not Returned
0,male,canada,premium,fashion,bags,primeplus,wallet,desktop,social media,platinum,standard,north,spring,no,Thursday,2,41,41.99,2,0,0,1.32,2.78,88.08,3,5,1705.92,27.71,24.41,0,2023,5,11,5,Not Returned
0,male,canada,returning,fashion,shoes,zenith,cash on delivery,desktop,direct,standard,standard,east,spring,no,Thursday,2,56,74.02,2,0,0,7.62,8.68,164.34,6,4.7,2271.17,32.81,53.92,0,2023,5,11,5,Not Returned
0,female,australia,new,books,comics,freshmart,wallet,mobile,organic search,standard,pickup,south,spring,no,Thursday,2,49,23.49,3,10,7.05,6.25,3.76,73.43,4,4.5,1316.5,28.83,21.17,0,2023,5,11,5,Not Returned
0,male,saudi arabia,new,beauty,makeup,apex,bank transfer,mobile,referral,silver,standard,central,spring,no,Friday,2,38,36.98,3,30,33.28,4.35,5.12,87.13,7,5,1479.45,22.25,19.39,0,2023,5,12,6,Not Returned
0,female,united kingdom,returning,electronics,accessories,zenith,debit card,mobile,paid ads,standard,standard,east,spring,no,Friday,2,52,766.34,2,20,306.54,7.07,47.87,1281.08,5,4.8,3556.72,3.95,50.6,1,2023,5,12,6,Not Returned
0,male,pakistan,premium,fashion,women clothing,primeplus,cash on delivery,desktop,direct,gold,express,west,spring,no,Friday,2,31,111.65,1,0,0,7.91,7.58,127.14,1,4.7,2781.32,39.04,49.64,0,2023,5,12,6,Not Returned
0,female,saudi arabia,new,sports,equipment,valuemax,paypal,mobile,email,silver,pickup,central,spring,no,Friday,2,38,132.85,2,0,0,7.37,29.97,303.04,4,4.8,1205.46,13.24,40.12,0,2023,5,12,6,Not Returned
0,male,united kingdom,returning,books,non-fiction,quickcart,credit card,tablet,social media,platinum,express,east,spring,no,Sunday,2,28,15.37,1,0,0,5.34,0.96,21.67,5,4.9,394.74,14.46,3.13,0,2023,5,14,1,Not Returned
0,male,uae,returning,groceries,beverages,zenith,bank transfer,desktop,referral,standard,standard,west,spring,no,Sunday,2,58,12,3,20,7.2,11.57,1.65,42.02,4,4.2,671.64,17.14,7.2,0,2023,5,14,1,Not Returned
0,female,united kingdom,returning,electronics,accessories,zenith,wallet,mobile,email,silver,standard,central,spring,no,Sunday,2,36,318.13,4,15,190.88,9.72,135,1226.36,5,5,13878.17,7.55,92.59,1,2023,5,14,1,Not Returned
0,male,canada,returning,home & kitchen,cookware,ecolife,credit card,desktop,social media,platinum,standard,east,spring,no,Monday,2,40,133.97,3,10,40.19,4.04,15.42,381.18,7,4.5,7046.53,13.91,53.02,0,2023,5,15,2,Not Returned
0,male,pakistan,loyal,groceries,beverages,valuemax,credit card,mobile,direct,standard,express,south,spring,no,Tuesday,2,18,13.92,2,0,0,15.82,2.43,46.09,2,3.8,1455.31,20.69,9.54,0,2023,5,16,3,Not Returned
0,male,australia,returning,sports,sportswear,zenith,cash on delivery,mobile,social media,standard,express,north,spring,no,Wednesday,2,33,70.68,4,20,56.54,18.55,21.62,266.35,0,3.8,5069.51,30.58,81.45,0,2023,5,17,4,Not Returned
0,male,germany,new,fashion,men clothing,ecolife,wallet,tablet,organic search,silver,same day,east,spring,no,Wednesday,2,41,64.53,4,0,0,25.33,20.72,304.17,2,3.4,1551.66,17.45,53.08,0,2023,5,17,4,Returned
0,female,uae,loyal,electronics,mobile,ecolife,bank transfer,mobile,referral,standard,express,west,spring,no,Thursday,2,39,438.88,2,0,0,11.93,31.71,921.4,4,5,9896.24,15.98,147.24,1,2023,5,18,5,Not Returned
0,female,france,premium,home & kitchen,furniture,quickcart,cash on delivery,tablet,organic search,gold,standard,central,spring,no,Thursday,2,57,133.81,3,25,100.36,4.11,40.25,345.43,6,5,3678.27,11.05,38.17,0,2023,5,18,5,Not Returned
0,female,germany,new,groceries,snacks,valuemax,wallet,desktop,email,silver,same day,north,spring,no,Thursday,2,44,16.1,3,10,4.83,23.5,5.71,72.68,1,3.7,1264.76,22.23,16.16,0,2023,5,18,5,Not Returned
0,male,pakistan,returning,home & kitchen,decor,ecolife,debit card,tablet,referral,standard,express,east,spring,no,Friday,2,46,235.82,4,10,94.33,17.72,64.31,930.98,7,3.2,15903.77,25.6,238.33,1,2023,5,19,6,Returned
0,female,united states,premium,home & kitchen,appliances,apex,bank transfer,mobile,direct,gold,pickup,south,spring,no,Friday,2,21,170.78,5,0,0,5.82,86.21,945.93,5,3.5,5225.07,25.82,244.24,1,2023,5,19,6,Returned
0,male,saudi arabia,loyal,toys,action figures,ecolife,paypal,desktop,referral,standard,standard,south,spring,no,Friday,2,25,18.14,6,0,0,10.06,9.66,128.56,5,4.4,2289.39,15.56,20,0,2023,5,19,6,Not Returned
1,female,uae,loyal,home & kitchen,decor,quickcart,cash on delivery,mobile,organic search,gold,express,central,spring,no,Saturday,2,18,187.46,3,35,196.83,13.31,37.65,416.51,0,2.3,5415.94,13.59,56.6,1,2023,5,20,7,Returned
0,male,india,loyal,toys,puzzles,apex,credit card,mobile,organic search,silver,standard,south,spring,no,Saturday,2,34,43.3,3,15,19.48,10.53,14.68,135.63,7,3.2,1716.94,15.87,21.52,0,2023,5,20,7,Returned
0,female,canada,new,sports,outdoor,urbanco,wallet,mobile,referral,standard,standard,central,spring,yes,Saturday,2,22,61.6,5,5,15.4,13.91,12.06,318.57,4,5,3707.52,14.8,47.15,0,2023,5,20,7,Not Returned
0,other,pakistan,loyal,home & kitchen,appliances,primeplus,wallet,mobile,paid ads,standard,standard,central,spring,no,Sunday,2,18,185.69,3,5,27.85,8.41,48.67,586.3,5,3.8,3980.78,10.65,62.44,1,2023,5,21,1,Not Returned
0,female,germany,returning,home & kitchen,appliances,trendify,credit card,desktop,email,standard,standard,central,spring,no,Sunday,2,44,222.08,3,20,133.25,8.25,43.04,584.28,7,4.5,10634.22,24.45,142.86,1,2023,5,21,1,Not Returned
0,female,pakistan,new,toys,educational,nova,wallet,tablet,referral,standard,standard,central,spring,no,Sunday,2,34,26.76,4,0,0,6.65,8.39,122.08,6,4.4,1782.69,23.74,28.98,0,2023,5,21,1,Not Returned
0,male,united kingdom,returning,groceries,snacks,quickcart,wallet,desktop,direct,silver,standard,west,spring,no,Sunday,2,32,10.22,6,10,6.13,9.37,6.02,70.58,9,4.4,1293.6,26.86,18.96,0,2023,5,21,1,Not Returned
0,male,india,premium,electronics,accessories,trendify,cash on delivery,mobile,email,standard,express,east,spring,no,Monday,2,41,258.17,5,10,129.08,18.39,117.46,1297.62,3,3.9,21479.65,18.83,244.34,1,2023,5,22,2,Not Returned
0,female,saudi arabia,new,fashion,women clothing,trendify,paypal,desktop,organic search,standard,express,south,spring,no,Tuesday,2,21,64.37,3,20,38.62,12.1,17.34,183.93,3,4.2,686.42,30.47,56.04,0,2023,5,23,3,Not Returned
0,female,uae,returning,books,education,freshmart,paypal,mobile,organic search,platinum,express,central,spring,no,Tuesday,2,27,14.32,4,0,0,9.96,4.58,71.82,0,4.3,792.75,22.88,16.43,0,2023,5,23,3,Not Returned
0,female,india,returning,fashion,shoes,trendify,credit card,desktop,direct,standard,standard,central,spring,no,Wednesday,2,61,111,2,0,0,10.36,25.47,257.83,9,3.3,3936.87,30.6,78.9,0,2023,5,24,4,Not Returned
0,male,united kingdom,returning,books,non-fiction,freshmart,debit card,desktop,referral,silver,standard,south,spring,no,Thursday,2,30,16.95,2,20,6.78,5.85,3.99,36.96,5,3.1,734.52,10.99,4.06,0,2023,5,25,5,Returned
0,female,australia,loyal,home & kitchen,cookware,trendify,paypal,desktop,organic search,gold,standard,north,spring,no,Friday,2,61,173.82,3,10,52.15,3.45,17.79,490.55,9,4.3,2159.23,34.25,168.01,1,2023,5,26,6,Not Returned
0,male,uae,premium,fashion,shoes,quickcart,wallet,mobile,referral,silver,express,south,spring,no,Saturday,2,22,36.93,3,10,11.08,13.59,3.72,117.02,2,4.1,1905.24,48.87,57.19,0,2023,5,27,7,Not Returned
0,female,pakistan,returning,electronics,mobile,urbanco,paypal,mobile,direct,standard,standard,east,spring,no,Saturday,2,45,205.5,4,10,82.2,8.77,91.68,840.25,6,4.9,3377.89,18.11,152.17,1,2023,5,27,7,Not Returned
0,female,pakistan,returning,beauty,makeup,urbanco,wallet,mobile,social media,platinum,express,west,spring,no,Sunday,2,31,23.92,2,0,0,5.56,3.21,56.61,4,4.1,477.72,18.69,10.58,0,2023,5,28,1,Not Returned
0,female,saudi arabia,loyal,electronics,headphones,apex,credit card,mobile,organic search,standard,standard,central,spring,no,Sunday,2,47,505.44,2,20,202.18,6.39,43.56,858.65,6,4.2,15547.58,7.84,67.32,1,2023,5,28,1,Not Returned
0,male,united states,returning,home & kitchen,cookware,zenith,debit card,mobile,paid ads,standard,standard,central,spring,no,Sunday,2,32,252.1,2,30,151.26,7.34,54.8,415.08,9,3.5,1549.19,18,74.71,1,2023,5,28,1,Not Returned
0,female,india,returning,beauty,fragrance,ecolife,debit card,desktop,organic search,gold,standard,west,spring,no,Monday,2,36,64.21,2,10,12.84,4.54,9.22,129.34,3,4,1143.22,28.36,36.68,0,2023,5,29,2,Not Returned
0,female,australia,returning,groceries,beverages,freshmart,wallet,mobile,email,silver,express,west,spring,yes,Tuesday,2,45,57.61,2,10,11.52,15.52,6.99,126.21,3,4.2,1603.96,24.01,30.3,0,2023,5,30,3,Not Returned
0,other,pakistan,returning,home & kitchen,appliances,urbanco,credit card,mobile,paid ads,standard,express,north,spring,no,Tuesday,2,39,164.73,3,0,0,14.76,22.88,531.83,2,4.2,6936.04,23.16,123.17,1,2023,5,30,3,Not Returned
0,female,canada,new,sports,outdoor,valuemax,wallet,desktop,referral,standard,standard,north,spring,no,Tuesday,2,18,105.95,3,0,0,7.16,37.91,362.92,3,3.6,2098.12,23.28,84.49,0,2023,5,30,3,Returned
0,male,france,returning,beauty,fragrance,primeplus,credit card,mobile,referral,platinum,express,north,spring,no,Wednesday,2,38,31.25,3,0,0,7.83,5.69,107.27,2,4.8,1976.11,34.32,36.82,0,2023,5,31,4,Not Returned
0,male,saudi arabia,returning,groceries,dairy,nova,paypal,desktop,paid ads,standard,pickup,north,spring,no,Wednesday,2,48,9.97,3,10,2.99,9.18,2.01,38.11,8,5,348.99,32.53,12.4,0,2023,5,31,4,Not Returned
0,female,france,loyal,groceries,beverages,zenith,debit card,mobile,email,standard,standard,south,spring,no,Wednesday,2,46,34.49,1,10,3.45,2.51,2.89,36.44,3,3.7,1196.47,31.5,11.48,0,2023,5,31,4,Not Returned
0,male,france,loyal,fashion,men clothing,ecolife,cash on delivery,desktop,paid ads,gold,pickup,west,summer,no,Friday,2,39,109.52,3,15,49.28,7.34,22.48,309.1,3,5,4346.03,22.72,70.23,0,2023,6,2,6,Not Returned
0,male,australia,loyal,home & kitchen,appliances,quickcart,cash on delivery,mobile,referral,silver,standard,west,summer,no,Friday,2,18,168.62,2,0,0,7.59,24.38,369.21,5,4,6178.64,17.51,64.65,0,2023,6,2,6,Not Returned
1,male,france,new,groceries,snacks,trendify,debit card,desktop,direct,standard,pickup,central,summer,no,Friday,2,41,45.71,2,15,13.71,7.08,5.84,90.63,6,4.6,1379.54,30.88,27.99,0,2023,6,2,6,Not Returned
0,male,united kingdom,new,sports,equipment,primeplus,bank transfer,tablet,referral,standard,express,south,summer,no,Sunday,2,46,37.32,2,15,11.2,15.46,7.16,86.06,3,2.8,1854.69,26.34,22.67,0,2023,6,4,1,Returned
1,male,united states,loyal,electronics,accessories,ecolife,cash on delivery,desktop,direct,standard,standard,central,summer,no,Sunday,2,29,202.94,2,0,0,5.38,40.7,451.96,6,1.9,9737.45,16.79,75.88,1,2023,6,4,1,Returned
0,male,germany,returning,home & kitchen,appliances,valuemax,debit card,mobile,email,silver,express,south,summer,no,Sunday,2,26,123.02,3,25,92.26,13.74,33.93,324.47,3,2.6,2096.47,8.44,27.39,0,2023,6,4,1,Returned
0,male,united kingdom,returning,fashion,women clothing,primeplus,credit card,desktop,organic search,silver,standard,east,summer,no,Sunday,2,37,74.58,1,0,0,5.62,5.17,85.37,0,4.2,639.43,41.66,35.57,0,2023,6,4,1,Not Returned
1,female,pakistan,premium,home & kitchen,decor,valuemax,paypal,mobile,social media,standard,express,south,summer,no,Sunday,2,41,99.83,2,0,0,13.68,15.78,229.12,3,3.1,4668.16,16.31,37.37,0,2023,6,4,1,Returned
0,female,india,returning,electronics,headphones,nova,cash on delivery,mobile,direct,standard,same day,east,summer,no,Monday,2,18,331.22,3,0,0,16.72,64.38,1074.76,0,4.5,15103.4,12.25,131.66,1,2023,6,5,2,Not Returned
0,female,united kingdom,premium,fashion,women clothing,urbanco,credit card,mobile,referral,standard,express,east,summer,yes,Monday,2,28,74.74,2,20,29.9,13.72,14.48,147.78,4,5,2020.08,25.02,36.97,0,2023,6,5,2,Not Returned
0,male,united kingdom,new,electronics,mobile,zenith,wallet,desktop,organic search,silver,express,east,summer,no,Monday,2,34,328.56,1,0,0,16.21,22.73,367.5,5,4.5,2692.77,8.81,32.38,0,2023,6,5,2,Not Returned
0,female,united kingdom,returning,groceries,snacks,quickcart,debit card,mobile,organic search,standard,standard,central,summer,no,Monday,2,27,37.19,2,0,0,9.29,4.66,88.33,4,4.3,363.05,22.74,20.09,0,2023,6,5,2,Not Returned
0,male,germany,returning,sports,equipment,zenith,bank transfer,mobile,paid ads,platinum,standard,central,summer,no,Monday,2,40,120.52,3,0,0,3.57,28.62,393.75,5,4.2,3403.12,35.06,138.05,1,2023,6,5,2,Not Returned
0,male,pakistan,returning,groceries,dairy,valuemax,cash on delivery,mobile,referral,silver,express,east,summer,yes,Wednesday,2,49,12.75,5,35,22.31,18.6,3.44,63.48,5,5,745.98,18.74,11.9,0,2023,6,7,4,Not Returned
0,male,saudi arabia,returning,home & kitchen,furniture,trendify,wallet,desktop,paid ads,silver,standard,central,summer,no,Thursday,2,36,164.76,2,0,0,9.7,36.9,376.12,4,2.9,2595.21,39.26,147.66,0,2023,6,8,5,Returned
0,male,uae,returning,books,education,urbanco,cash on delivery,desktop,social media,standard,express,south,summer,no,Friday,2,66,35.33,3,15,15.9,15.03,12.71,117.83,1,3.9,1658.81,22.71,26.76,0,2023,6,9,6,Not Returned
0,female,united kingdom,new,books,comics,zenith,credit card,desktop,direct,standard,pickup,central,summer,no,Friday,2,25,11.44,3,5,1.72,6.6,1.44,40.64,5,4.1,731.18,25.07,10.19,0,2023,6,9,6,Not Returned
0,female,saudi arabia,returning,toys,board games,ecolife,bank transfer,mobile,social media,silver,pickup,central,summer,yes,Friday,2,37,29.96,2,25,14.98,7.79,2.99,55.72,5,4.5,20,27.65,15.41,0,2023,6,9,6,Not Returned
0,male,saudi arabia,new,fashion,men clothing,zenith,bank transfer,mobile,organic search,standard,standard,central,summer,no,Friday,2,44,67.25,1,5,3.36,3.83,2.63,70.35,6,4.6,191.72,30.52,21.47,0,2023,6,9,6,Not Returned
0,female,united kingdom,new,fashion,men clothing,nova,paypal,mobile,email,silver,standard,east,summer,no,Friday,2,48,66.46,3,15,29.91,7.29,21.44,198.2,7,4.8,3969.3,10.94,21.68,0,2023,6,9,6,Not Returned
0,male,saudi arabia,premium,home & kitchen,cookware,trendify,cash on delivery,mobile,direct,standard,express,north,summer,no,Friday,2,47,143.95,2,0,0,13.96,17.34,319.2,7,3.7,6459.86,9.01,28.76,0,2023,6,9,6,Not Returned
0,female,australia,new,groceries,beverages,trendify,wallet,desktop,email,standard,standard,central,summer,no,Friday,2,28,21.12,2,5,2.11,10.58,2.92,53.63,9,3.8,543.55,24.52,13.15,0,2023,6,9,6,Not Returned
0,female,saudi arabia,loyal,toys,action figures,valuemax,cash on delivery,mobile,email,standard,standard,west,summer,no,Friday,2,47,72.83,5,10,36.42,10.05,32.39,370.17,5,4.3,6875.16,7.63,28.24,0,2023,6,9,6,Not Returned
0,male,germany,returning,books,education,trendify,cash on delivery,mobile,email,gold,standard,south,summer,no,Saturday,2,49,14.15,1,30,4.24,1.65,1.33,12.89,5,4.6,20,12.88,1.66,0,2023,6,10,7,Not Returned
0,female,pakistan,loyal,electronics,laptop,primeplus,debit card,mobile,social media,standard,standard,central,summer,no,Saturday,2,40,498.79,5,5,124.7,9.31,295.13,2673.69,6,4.2,35741.12,20.48,547.57,1,2023,6,10,7,Not Returned
1,male,united states,loyal,books,fiction,trendify,debit card,mobile,email,standard,express,west,summer,yes,Sunday,2,20,9.03,1,40,3.61,13.79,0.3,19.51,5,3.4,607.59,17.09,3.33,0,2023,6,11,1,Returned
0,male,saudi arabia,premium,sports,fitness,apex,credit card,desktop,organic search,silver,express,north,summer,no,Sunday,2,34,99.39,5,0,0,17.99,51.01,565.95,2,5,2319.96,24.62,139.34,1,2023,6,11,1,Not Returned
0,male,germany,loyal,fashion,bags,freshmart,bank transfer,mobile,email,standard,express,west,summer,no,Sunday,2,34,129.49,5,0,0,20.27,31.06,698.78,2,3.7,6325.72,12.99,90.77,1,2023,6,11,1,Not Returned
0,female,uae,premium,fashion,shoes,quickcart,bank transfer,mobile,social media,standard,standard,south,summer,no,Sunday,2,46,102.06,3,20,61.24,7.01,17.21,269.16,4,3.4,5292.38,32,86.13,0,2023,6,11,1,Returned
1,female,australia,returning,books,fiction,trendify,wallet,desktop,email,platinum,standard,north,summer,no,Monday,2,32,45.42,4,0,0,3.78,16.28,201.74,3,4,2531.21,8.05,16.24,0,2023,6,12,2,Not Returned
0,male,australia,new,toys,educational,ecolife,credit card,mobile,organic search,gold,standard,central,summer,no,Monday,2,32,26.98,3,0,0,2.89,9.09,92.92,6,4.8,1099.67,15.94,14.81,0,2023,6,12,2,Not Returned
0,male,united kingdom,new,sports,outdoor,freshmart,cash on delivery,mobile,email,standard,standard,central,summer,no,Monday,2,33,75.79,2,0,0,2.89,9.98,164.45,6,4,1398.58,27.89,45.87,0,2023,6,12,2,Not Returned
0,male,canada,returning,electronics,mobile,ecolife,bank transfer,mobile,organic search,silver,pickup,west,summer,no,Tuesday,2,42,364.05,2,20,145.62,9.35,85.69,677.52,3,4.9,8624.85,19.19,130.02,1,2023,6,13,3,Not Returned
0,male,united states,loyal,beauty,fragrance,zenith,bank transfer,mobile,direct,standard,same day,south,summer,no,Tuesday,2,52,43.01,5,0,0,24.03,10.01,249.09,1,4.9,5120.88,22.55,56.17,0,2023,6,13,3,Not Returned
0,female,france,loyal,groceries,dairy,ecolife,wallet,mobile,paid ads,standard,standard,east,summer,no,Wednesday,2,18,21.69,1,10,2.17,2.42,2.45,24.39,6,2.4,968.14,9.08,2.21,0,2023,6,14,4,Returned
0,male,united states,returning,beauty,haircare,trendify,paypal,desktop,email,silver,pickup,west,summer,no,Wednesday,2,60,69.68,5,35,121.94,10.02,27.79,264.27,5,3.4,3985.78,31.38,82.93,0,2023,6,14,4,Returned
0,female,france,new,groceries,dairy,apex,debit card,mobile,direct,gold,express,west,summer,no,Thursday,2,46,25.11,3,20,15.07,12.2,3.44,75.9,4,4.2,511.25,17.38,13.19,0,2023,6,15,5,Not Returned
0,female,united states,new,beauty,fragrance,apex,bank transfer,mobile,organic search,silver,express,central,summer,no,Thursday,2,28,58.59,1,5,2.93,12.74,7.03,75.43,8,5,766.77,20.2,15.24,0,2023,6,15,5,Not Returned
0,female,australia,loyal,groceries,beverages,ecolife,paypal,mobile,paid ads,gold,standard,east,summer,no,Friday,2,49,26.15,5,0,0,5.16,11.32,147.23,3,4.3,1948.21,21.32,31.39,0,2023,6,16,6,Not Returned
0,male,saudi arabia,loyal,electronics,headphones,primeplus,wallet,mobile,email,standard,standard,east,summer,no,Friday,2,23,495.93,1,5,24.8,6.57,48.5,526.2,5,4.5,10378.56,14.92,78.51,1,2023,6,16,6,Not Returned
0,male,saudi arabia,premium,electronics,headphones,ecolife,wallet,mobile,referral,silver,express,west,summer,no,Friday,2,25,510.36,4,10,204.14,15.64,156.75,2009.69,6,4.7,12707.88,18.2,365.76,1,2023,6,16,6,Not Returned
0,female,united kingdom,new,toys,educational,quickcart,bank transfer,desktop,email,standard,express,central,summer,no,Saturday,2,47,36.63,4,0,0,13.12,5.83,165.47,4,4.2,2890.85,22.33,36.95,0,2023,6,17,7,Not Returned
0,female,uae,new,electronics,laptop,nova,credit card,mobile,direct,gold,same day,east,summer,no,Saturday,2,52,256.74,3,0,0,24.93,75.21,870.36,0,3.9,11074.13,30.6,266.33,1,2023,6,17,7,Not Returned
0,male,united kingdom,returning,home & kitchen,decor,trendify,cash on delivery,mobile,email,standard,same day,south,summer,no,Saturday,2,18,94.82,2,5,9.48,21.5,13.2,214.86,3,3.9,1231.01,33.3,71.55,0,2023,6,17,7,Not Returned
0,female,canada,new,toys,educational,zenith,wallet,mobile,direct,silver,express,west,summer,no,Sunday,2,25,16.06,2,25,8.03,12.63,3.4,40.12,0,4.3,20,9.74,3.91,0,2023,6,18,1,Not Returned
0,female,france,returning,fashion,shoes,valuemax,wallet,mobile,email,silver,pickup,south,summer,no,Sunday,2,40,55,1,30,16.5,4.39,3.69,46.58,4,4.5,621.3,21.62,10.07,0,2023,6,18,1,Not Returned
0,female,india,premium,home & kitchen,cookware,trendify,paypal,mobile,referral,gold,standard,east,summer,no,Sunday,2,48,233.98,2,0,0,2.94,33.39,504.29,10,3.7,5414.67,40.06,202.02,1,2023,6,18,1,Not Returned
0,female,united states,loyal,home & kitchen,furniture,trendify,wallet,desktop,direct,standard,express,central,summer,no,Monday,2,36,192,4,20,153.6,17,87.68,719.08,2,4.5,5684.68,21.63,155.54,1,2023,6,19,2,Not Returned
0,female,united kingdom,loyal,groceries,fresh produce,valuemax,credit card,mobile,email,silver,express,west,summer,no,Monday,2,59,7.72,5,10,3.86,15.99,1.25,51.98,3,5,1434.7,13.75,7.15,0,2023,6,19,2,Not Returned
0,female,india,new,toys,board games,urbanco,bank transfer,tablet,email,standard,express,south,summer,yes,Tuesday,2,44,34.63,2,0,0,13.56,6.65,89.47,2,4,876.63,20.05,17.94,0,2023,6,20,3,Not Returned
0,male,saudi arabia,loyal,fashion,women clothing,apex,bank transfer,mobile,referral,gold,standard,west,summer,no,Friday,2,36,69.94,3,15,31.47,7.56,18.99,204.9,5,4,3694.88,25.24,51.72,0,2023,6,23,6,Not Returned
0,male,india,returning,home & kitchen,appliances,valuemax,cash on delivery,mobile,direct,silver,standard,north,summer,no,Friday,2,37,166.96,1,0,0,0.92,14.99,182.87,6,4.6,3723.48,27.48,50.25,0,2023,6,23,6,Not Returned
0,female,india,new,home & kitchen,decor,apex,wallet,desktop,social media,standard,standard,west,summer,no,Friday,2,25,96.22,9,0,0,12.68,86.54,965.2,5,4.3,7282.15,31.57,304.71,1,2023,6,23,6,Not Returned
0,male,germany,premium,beauty,haircare,valuemax,debit card,mobile,direct,standard,standard,north,summer,no,Friday,2,40,43.38,2,0,0,9,6.67,102.43,4,4.7,2953.25,38.04,38.96,0,2023,6,23,6,Not Returned
0,female,saudi arabia,new,beauty,haircare,primeplus,paypal,tablet,referral,gold,standard,north,summer,no,Saturday,2,21,135.18,1,15,20.28,4.18,12.49,131.57,7,4.6,2410.05,35.27,46.4,0,2023,6,24,7,Not Returned
1,male,india,new,books,education,zenith,cash on delivery,desktop,organic search,gold,express,west,summer,yes,Saturday,2,55,40.03,4,20,32.02,12.83,14.9,155.83,4,3.8,579.75,6.91,10.77,0,2023,6,24,7,Returned
0,male,saudi arabia,returning,electronics,mobile,valuemax,paypal,desktop,social media,standard,express,west,summer,no,Saturday,2,43,852.68,5,15,639.51,21.95,204.54,3850.38,1,4.6,11402.48,16.01,616.45,1,2023,6,24,7,Not Returned
0,male,saudi arabia,returning,electronics,mobile,freshmart,paypal,desktop,social media,standard,standard,west,summer,no,Sunday,2,36,300.45,3,5,45.07,8.26,30.54,895.08,3,4.2,8370.57,18.07,161.74,1,2023,6,25,1,Not Returned
0,male,pakistan,premium,books,comics,ecolife,debit card,mobile,organic search,gold,standard,east,summer,no,Sunday,2,28,51.91,2,0,0,7.22,9.57,120.61,2,3.6,3355.49,25,30.15,0,2023,6,25,1,Returned
1,male,canada,new,fashion,women clothing,apex,cash on delivery,desktop,organic search,standard,standard,east,summer,no,Monday,2,43,58,3,10,17.4,2.5,19.42,178.52,2,4,497.59,11.46,20.46,0,2023,6,26,2,Not Returned
1,female,germany,new,sports,sportswear,primeplus,wallet,mobile,social media,standard,express,west,summer,yes,Monday,2,44,55.69,1,10,5.57,10.53,5.37,66.02,0,3,1046.52,6.62,4.37,0,2023,6,26,2,Returned
0,male,united states,loyal,electronics,mobile,primeplus,debit card,mobile,referral,standard,standard,central,summer,no,Wednesday,2,41,351,2,20,140.4,4.74,30.1,596.44,5,5,5693.28,18.71,111.59,1,2023,6,28,4,Not Returned
0,female,united kingdom,premium,home & kitchen,decor,apex,paypal,mobile,email,standard,pickup,central,summer,no,Wednesday,2,52,114.58,2,15,34.37,6.96,19.05,220.8,7,5,1848.59,18.7,41.29,0,2023,6,28,4,Not Returned
0,female,united kingdom,returning,home & kitchen,decor,freshmart,paypal,mobile,direct,platinum,standard,central,summer,no,Wednesday,2,30,192.24,3,0,0,3.94,68.36,649.02,4,4.2,9268.46,16.63,107.93,1,2023,6,28,4,Not Returned
0,female,australia,new,groceries,fresh produce,ecolife,cash on delivery,desktop,organic search,standard,standard,north,summer,no,Friday,2,42,17.51,1,20,3.5,5.76,1.37,21.14,4,4.6,20,22.84,4.83,0,2023,6,30,6,Not Returned
0,other,germany,loyal,fashion,shoes,zenith,debit card,mobile,direct,platinum,same day,north,summer,yes,Friday,2,18,89.22,3,10,26.77,17.15,29.49,287.53,0,4.1,1838.48,27.9,80.22,0,2023,6,30,6,Not Returned
0,male,united kingdom,new,groceries,beverages,primeplus,debit card,mobile,paid ads,standard,standard,south,summer,no,Friday,2,32,7.53,3,0,0,6.8,1.55,30.94,6,2.9,313.18,15.36,4.75,0,2023,6,30,6,Returned
0,female,uae,returning,fashion,bags,valuemax,bank transfer,mobile,paid ads,standard,standard,east,summer,no,Friday,2,33,72.71,4,40,116.34,10.69,14.63,199.82,7,5,3848.98,22.78,45.52,0,2023,6,30,6,Not Returned
0,female,united kingdom,returning,toys,puzzles,nova,debit card,mobile,direct,standard,express,west,summer,no,Friday,2,22,24.41,2,5,2.44,12.77,3,62.15,4,4,1009.72,31.65,19.67,0,2023,6,30,6,Not Returned
0,female,pakistan,returning,sports,sportswear,valuemax,bank transfer,desktop,paid ads,standard,standard,west,summer,no,Friday,2,45,79,4,10,31.6,8.78,28.02,321.2,4,4.4,4046.56,27.7,88.97,0,2023,6,30,6,Not Returned
0,female,pakistan,returning,groceries,beverages,urbanco,credit card,mobile,paid ads,standard,standard,central,summer,no,Saturday,3,41,15.18,2,35,10.63,8.92,3.58,32.23,8,5,552.73,9.33,3.01,0,2023,7,1,7,Not Returned
0,female,france,returning,beauty,makeup,zenith,paypal,desktop,referral,silver,express,north,summer,no,Sunday,3,32,51.63,3,25,38.72,18.63,7.32,142.12,3,4.2,2261.41,14.13,20.08,0,2023,7,2,1,Not Returned
0,male,india,returning,home & kitchen,appliances,primeplus,cash on delivery,desktop,referral,silver,standard,north,summer,no,Monday,3,24,120.63,7,30,253.32,9.37,63.56,664.02,2,4.5,4892.51,22.81,151.46,1,2023,7,3,2,Not Returned
0,female,united kingdom,returning,home & kitchen,furniture,apex,cash on delivery,mobile,organic search,silver,standard,east,summer,no,Monday,3,40,183.2,4,0,0,6.83,49.71,789.34,6,4.5,2366.22,28.4,224.17,1,2023,7,3,2,Not Returned
0,other,pakistan,premium,beauty,skincare,urbanco,credit card,mobile,direct,standard,standard,north,summer,no,Monday,3,38,48.48,6,15,43.63,6.97,34.4,288.62,5,4.5,1688.98,26.46,76.37,0,2023,7,3,2,Not Returned
0,female,india,returning,fashion,men clothing,nova,cash on delivery,desktop,direct,gold,standard,east,summer,no,Tuesday,3,22,64.1,2,0,0,2.07,7.73,138,4,3.1,622.07,21.53,29.71,0,2023,7,4,3,Returned
1,male,pakistan,new,fashion,shoes,freshmart,cash on delivery,desktop,direct,gold,pickup,central,summer,no,Tuesday,3,30,55.26,1,25,13.82,3.44,1.74,46.62,7,3.2,428.51,24.61,11.47,0,2023,7,4,3,Returned
0,male,france,loyal,books,fiction,apex,bank transfer,tablet,direct,standard,standard,south,summer,no,Tuesday,3,43,14.01,3,0,0,9.15,3.18,54.36,9,3.2,1316.58,10.06,5.47,0,2023,7,4,3,Not Returned
0,female,saudi arabia,loyal,sports,equipment,quickcart,wallet,desktop,direct,silver,pickup,west,summer,no,Wednesday,3,39,119.97,1,5,6,0.95,4.92,119.84,6,4.6,944.67,21.55,25.83,0,2023,7,5,4,Not Returned
0,female,saudi arabia,loyal,electronics,headphones,freshmart,paypal,mobile,organic search,silver,express,east,summer,no,Thursday,3,34,239.92,4,25,239.92,15.2,113.05,848.01,3,3.9,8835.52,11.09,94.04,1,2023,7,6,5,Not Returned
0,female,france,loyal,groceries,dairy,quickcart,bank transfer,mobile,referral,standard,standard,east,summer,no,Thursday,3,18,13.06,5,20,13.06,12.23,6.66,71.13,6,4,1206.95,13.1,9.32,0,2023,7,6,5,Not Returned
0,male,germany,new,sports,fitness,primeplus,paypal,tablet,social media,silver,express,west,summer,yes,Friday,3,35,100.12,3,10,30.04,13.54,12.46,296.32,0,4.6,4766.87,20.58,60.98,0,2023,7,7,6,Not Returned
0,male,uae,loyal,groceries,fresh produce,quickcart,credit card,mobile,email,standard,standard,central,summer,no,Friday,3,39,26.26,4,10,10.5,7.17,11.29,113,7,3.5,1114.91,26.13,29.53,0,2023,7,7,6,Returned
0,female,france,returning,fashion,bags,primeplus,paypal,desktop,organic search,standard,standard,north,summer,no,Friday,3,43,62.13,1,10,6.21,4.37,2.68,62.97,8,4.4,675.93,22.6,14.23,0,2023,7,7,6,Not Returned
0,male,germany,returning,toys,action figures,freshmart,bank transfer,desktop,social media,standard,standard,south,summer,no,Saturday,3,27,15.48,3,5,2.32,7.54,5.36,57.02,5,4.2,356.65,14.58,8.31,0,2023,7,8,7,Not Returned
0,female,france,new,beauty,haircare,trendify,wallet,mobile,direct,silver,standard,south,summer,no,Saturday,3,45,81.1,3,15,36.49,9.6,21.22,237.63,5,3.9,4180.82,31.5,74.85,0,2023,7,8,7,Not Returned
0,female,uae,new,beauty,haircare,zenith,credit card,mobile,social media,standard,standard,east,summer,no,Sunday,3,27,32.09,3,10,9.63,6.64,4.28,97.56,5,4.5,1821.78,25.16,24.55,0,2023,7,9,1,Not Returned
0,female,india,new,sports,sportswear,nova,wallet,mobile,social media,standard,pickup,south,summer,no,Sunday,3,45,180.06,3,25,135.05,9.21,63.78,478.12,2,4.3,8411.97,24.75,118.33,1,2023,7,9,1,Not Returned
0,male,uae,loyal,sports,equipment,trendify,cash on delivery,mobile,referral,gold,standard,east,summer,no,Sunday,3,37,39.87,3,0,0,6.8,6.74,133.15,3,3.9,3231.24,31,41.28,0,2023,7,9,1,Not Returned
0,female,pakistan,loyal,home & kitchen,decor,ecolife,debit card,mobile,email,silver,express,central,summer,no,Monday,3,46,180.89,4,0,0,17.19,63.38,804.13,4,5,10252.29,19.97,160.58,1,2023,7,10,2,Not Returned
0,female,pakistan,new,fashion,men clothing,urbanco,cash on delivery,mobile,paid ads,gold,standard,east,summer,no,Monday,3,20,72.94,5,0,0,4.69,19.48,388.87,7,4.5,4486.28,43.78,170.25,1,2023,7,10,2,Not Returned
0,male,pakistan,premium,toys,action figures,apex,credit card,mobile,social media,platinum,same day,west,summer,no,Monday,3,57,93.15,3,5,13.97,17.15,26.94,309.57,1,3.8,6149.05,26.13,80.89,0,2023,7,10,2,Not Returned
0,male,united states,new,electronics,headphones,trendify,debit card,desktop,paid ads,standard,same day,south,summer,yes,Monday,3,50,634.4,4,10,253.76,22.11,112.58,2418.53,2,4.1,6491.27,5.53,133.74,1,2023,7,10,2,Not Returned
0,female,pakistan,premium,home & kitchen,furniture,zenith,bank transfer,desktop,organic search,gold,same day,west,summer,no,Tuesday,3,42,121.92,3,20,73.15,17.99,37.37,347.97,2,4.5,5920.74,10.34,35.98,0,2023,7,11,3,Not Returned
1,female,pakistan,loyal,electronics,mobile,nova,credit card,mobile,direct,gold,pickup,east,summer,no,Tuesday,3,41,491.78,4,25,491.78,6.4,147.9,1629.64,7,3.7,6982.65,19.6,319.41,1,2023,7,11,3,Not Returned
0,male,uae,returning,fashion,women clothing,freshmart,wallet,mobile,email,standard,standard,south,summer,no,Tuesday,3,23,54.79,1,35,19.18,6.22,2.45,44.28,2,4.2,274.1,29.72,13.16,0,2023,7,11,3,Not Returned
0,female,france,returning,groceries,beverages,nova,cash on delivery,desktop,organic search,silver,standard,west,summer,no,Tuesday,3,38,11.08,2,5,1.11,3.65,1.17,25.87,8,3.5,876.71,30.59,7.91,0,2023,7,11,3,Not Returned
0,female,uae,loyal,groceries,beverages,valuemax,cash on delivery,mobile,organic search,standard,standard,south,summer,no,Wednesday,3,29,18.14,4,15,10.88,12.07,5.87,79.62,7,5,883.46,28.86,22.98,0,2023,7,12,4,Not Returned
0,male,uae,loyal,home & kitchen,decor,ecolife,paypal,mobile,direct,standard,express,central,summer,no,Wednesday,3,21,133.38,3,10,40.01,11.89,35.41,407.43,1,3.4,7457.19,28.74,117.1,1,2023,7,12,4,Returned
0,female,canada,new,books,non-fiction,apex,cash on delivery,mobile,direct,standard,standard,east,summer,no,Wednesday,3,39,32.07,2,20,12.83,3.88,2.88,58.07,8,4.3,988.75,19.89,11.55,0,2023,7,12,4,Not Returned
0,male,france,returning,home & kitchen,cookware,nova,paypal,desktop,paid ads,silver,standard,south,summer,yes,Friday,3,39,89.31,3,15,40.19,7.84,22.57,258.15,3,4.2,4931.01,20.47,52.84,0,2023,7,14,6,Not Returned
0,female,uae,loyal,electronics,accessories,primeplus,cash on delivery,desktop,direct,standard,standard,south,summer,no,Friday,3,35,605.27,1,20,121.05,5.29,51.15,540.66,3,3,5453.01,12.09,65.37,1,2023,7,14,6,Returned
0,female,australia,loyal,fashion,bags,apex,credit card,desktop,direct,gold,express,central,summer,no,Saturday,3,18,158.23,2,20,63.29,9.62,33.08,295.87,5,4.2,2896.93,8.38,24.79,0,2023,7,15,7,Not Returned
1,female,saudi arabia,returning,groceries,beverages,freshmart,credit card,desktop,organic search,gold,standard,south,summer,no,Saturday,3,34,19.37,5,15,14.53,7.84,7.23,97.39,7,2.5,1543.1,12.07,11.75,0,2023,7,15,7,Returned
0,male,saudi arabia,premium,beauty,makeup,ecolife,bank transfer,mobile,social media,standard,express,south,summer,no,Sunday,3,18,61.03,3,35,64.08,14.57,12.91,146.49,5,5,3728.29,17.46,25.58,0,2023,7,16,1,Not Returned
0,male,united states,returning,fashion,women clothing,zenith,wallet,tablet,social media,standard,standard,north,summer,no,Sunday,3,18,118.72,2,10,23.74,11.03,8.43,233.16,6,3.8,3128.28,21.86,50.97,0,2023,7,16,1,Not Returned
0,male,france,loyal,fashion,bags,nova,bank transfer,tablet,direct,silver,express,north,summer,no,Monday,3,50,46.47,3,25,34.85,17.04,10.4,132,2,4.1,1478.13,33.75,44.55,0,2023,7,17,2,Not Returned
0,male,saudi arabia,new,sports,fitness,quickcart,debit card,mobile,referral,platinum,standard,north,summer,no,Tuesday,3,24,53.84,3,5,8.08,0.42,6.33,160.19,3,4,2308.22,11.85,18.98,0,2023,7,18,3,Not Returned
0,male,france,returning,books,education,primeplus,wallet,desktop,social media,silver,same day,north,summer,no,Wednesday,3,30,15.64,3,20,9.38,22.91,5.09,65.54,2,3.6,940.27,3,1.97,0,2023,7,19,4,Not Returned
0,female,india,loyal,groceries,fresh produce,primeplus,paypal,desktop,referral,standard,standard,east,summer,no,Wednesday,3,29,36.08,1,30,10.82,1.29,3.19,29.74,3,4.3,948.66,13.61,4.05,0,2023,7,19,4,Not Returned
1,male,canada,loyal,sports,outdoor,apex,bank transfer,mobile,organic search,standard,express,east,summer,no,Thursday,3,39,137.89,4,30,165.47,18.14,55.26,459.49,0,4.1,4049.59,9.36,43.01,1,2023,7,20,5,Not Returned
1,female,india,loyal,beauty,skincare,apex,credit card,desktop,social media,silver,standard,south,summer,no,Thursday,3,37,20.98,2,30,12.59,4.62,2.8,36.79,3,3.2,1093.03,19.87,7.31,0,2023,7,20,5,Returned
1,female,india,premium,fashion,women clothing,trendify,cash on delivery,tablet,email,gold,standard,north,summer,no,Thursday,3,44,65.71,5,0,0,6.37,16.39,351.31,6,2,4500.4,24.03,84.42,0,2023,7,20,5,Returned
0,female,united states,new,home & kitchen,cookware,ecolife,debit card,mobile,paid ads,gold,pickup,central,summer,no,Thursday,3,37,131.87,2,30,79.12,2.59,8.43,195.64,5,3.8,2626.16,19.96,39.05,0,2023,7,20,5,Not Returned
0,male,united kingdom,returning,groceries,dairy,urbanco,bank transfer,mobile,paid ads,standard,standard,north,summer,no,Friday,3,34,13.95,4,15,8.37,9.82,4.29,61.54,4,4.7,1177.43,23.47,14.44,0,2023,7,21,6,Not Returned
0,female,united states,returning,groceries,dairy,apex,wallet,mobile,organic search,standard,standard,north,summer,no,Friday,3,18,20.94,1,10,2.09,5.11,0.71,24.67,3,3.7,770.59,24.99,6.17,0,2023,7,21,6,Not Returned
0,female,saudi arabia,returning,toys,puzzles,apex,cash on delivery,mobile,organic search,standard,standard,south,summer,no,Friday,3,20,36.77,2,0,0,4.44,3.77,81.75,1,3.3,2012.13,17.69,14.46,0,2023,7,21,6,Returned
0,female,australia,returning,electronics,headphones,zenith,debit card,mobile,direct,standard,standard,west,summer,no,Friday,3,33,422.91,3,5,63.44,5.74,74.39,1285.42,3,3.8,13377.56,25.23,324.31,1,2023,7,21,6,Not Returned
0,female,india,new,groceries,dairy,quickcart,wallet,mobile,email,silver,pickup,west,summer,no,Saturday,3,20,15.01,3,0,0,8.27,3.12,56.42,7,4,479.35,18.67,10.53,0,2023,7,22,7,Not Returned
0,male,germany,returning,groceries,fresh produce,primeplus,cash on delivery,mobile,email,gold,standard,central,summer,no,Saturday,3,32,7.9,4,0,0,7.7,2.57,41.87,7,4.1,424.38,23.31,9.76,0,2023,7,22,7,Not Returned
0,female,australia,premium,books,education,quickcart,bank transfer,desktop,organic search,standard,standard,north,summer,no,Sunday,3,30,20.96,4,30,25.15,15.35,3.67,77.71,8,4,1750.16,17.8,13.83,0,2023,7,23,1,Not Returned
0,female,france,returning,toys,puzzles,zenith,debit card,mobile,referral,gold,standard,south,summer,no,Sunday,3,39,51.97,4,25,51.97,10.38,9.55,175.84,2,3.7,2953.83,11.48,20.19,0,2023,7,23,1,Not Returned
0,male,pakistan,returning,home & kitchen,decor,valuemax,debit card,mobile,paid ads,standard,standard,south,summer,no,Monday,3,38,141.76,3,10,42.53,7.35,37.44,427.54,9,3.4,4369.23,13.7,58.57,1,2023,7,24,2,Not Returned
1,male,pakistan,new,groceries,beverages,freshmart,cash on delivery,mobile,organic search,silver,standard,north,summer,no,Monday,3,44,24.39,5,20,24.39,9.88,13.2,120.64,7,2.6,1568.29,12.24,14.77,0,2023,7,24,2,Returned
0,male,germany,returning,beauty,skincare,freshmart,debit card,desktop,direct,silver,standard,west,summer,no,Tuesday,3,64,35.05,6,40,84.12,11.9,13.53,151.61,3,4.5,2988.48,15.18,23.01,0,2023,7,25,3,Not Returned
0,male,france,returning,home & kitchen,furniture,apex,wallet,mobile,paid ads,standard,standard,west,summer,no,Wednesday,3,61,190.83,5,0,0,8.4,51.01,1013.56,4,4.4,15586.84,19.79,200.58,1,2023,7,26,4,Not Returned
0,female,uae,premium,groceries,fresh produce,valuemax,cash on delivery,mobile,paid ads,standard,standard,east,summer,no,Wednesday,3,23,32,3,40,38.4,8.55,5.2,71.35,3,5,2659.76,5.97,4.26,0,2023,7,26,4,Not Returned
0,female,germany,loyal,toys,puzzles,zenith,wallet,mobile,email,standard,pickup,north,summer,no,Thursday,3,34,16.15,5,30,24.22,11.12,7.53,75.18,2,3,1697.1,28.43,21.37,0,2023,7,27,5,Returned
0,female,canada,returning,groceries,dairy,primeplus,paypal,mobile,paid ads,silver,standard,north,summer,no,Thursday,3,51,33.09,2,15,9.93,8.46,5.13,69.84,7,4.2,653.94,3,2.1,0,2023,7,27,5,Not Returned
0,female,saudi arabia,new,books,education,apex,credit card,desktop,organic search,silver,standard,west,summer,no,Saturday,3,39,29.07,5,10,14.54,8.86,14.81,154.48,4,4.7,1895.28,17.63,27.23,0,2023,7,29,7,Not Returned
0,male,canada,new,electronics,headphones,apex,paypal,mobile,organic search,standard,standard,central,summer,no,Sunday,3,34,528.96,3,10,158.69,8.11,55.7,1492,6,3.7,26306.15,6.42,95.79,1,2023,7,30,1,Not Returned
0,male,united states,premium,fashion,women clothing,apex,paypal,mobile,email,standard,express,south,summer,no,Sunday,3,49,77.84,3,0,0,17.01,23.64,274.17,3,4.1,5550.58,24.78,67.94,0,2023,7,30,1,Not Returned
0,male,germany,returning,books,fiction,urbanco,paypal,mobile,organic search,standard,standard,south,summer,no,Sunday,3,25,23.8,2,0,0,4.92,3.82,56.34,6,4.4,20,21.93,12.36,0,2023,7,30,1,Not Returned
0,female,united states,loyal,groceries,snacks,ecolife,cash on delivery,tablet,referral,standard,standard,west,summer,no,Monday,3,31,21.82,2,5,2.18,4.98,3.17,49.61,5,4.4,1225.81,33.1,16.42,0,2023,7,31,2,Not Returned
0,female,france,new,fashion,women clothing,urbanco,paypal,mobile,social media,silver,express,west,summer,no,Tuesday,3,30,64.01,4,15,38.41,16.24,18.14,252.01,5,5,615.54,29.81,75.12,0,2023,8,1,3,Not Returned
0,female,india,returning,groceries,snacks,ecolife,wallet,mobile,email,standard,express,south,summer,no,Tuesday,3,45,24.08,1,20,4.82,9.74,1.63,30.63,6,4.3,224.94,3.09,0.95,0,2023,8,1,3,Not Returned
0,male,australia,loyal,groceries,dairy,nova,wallet,mobile,social media,standard,standard,east,summer,no,Tuesday,3,43,24.14,5,0,0,11.66,9.46,141.82,4,4.6,1399.98,18.31,25.97,0,2023,8,1,3,Not Returned
0,male,france,loyal,electronics,headphones,trendify,paypal,desktop,direct,platinum,standard,north,summer,no,Tuesday,3,26,442.18,3,35,464.29,1.74,98.45,962.44,3,4.5,13837.41,3,28.87,1,2023,8,1,3,Not Returned
0,female,pakistan,returning,fashion,shoes,quickcart,cash on delivery,mobile,referral,standard,express,east,summer,no,Wednesday,3,28,110.64,1,20,22.13,11.94,5.97,106.42,5,4.5,1014.27,27.52,29.29,0,2023,8,2,4,Not Returned
0,male,united kingdom,loyal,fashion,men clothing,ecolife,wallet,mobile,email,standard,standard,north,summer,no,Wednesday,3,33,73.19,4,5,14.64,6.64,12.63,297.39,0,4.6,5913.79,22.37,66.53,0,2023,8,2,4,Not Returned
0,male,united states,new,fashion,shoes,quickcart,credit card,mobile,organic search,silver,pickup,north,summer,no,Wednesday,3,30,75.17,2,20,30.07,3.47,17.24,140.98,8,4.5,2131.65,18.56,26.17,0,2023,8,2,4,Not Returned
1,female,france,returning,home & kitchen,furniture,zenith,wallet,tablet,organic search,gold,standard,west,summer,no,Thursday,3,18,156.76,5,0,0,4.82,82.35,870.97,7,2.6,14913.84,25.89,225.49,1,2023,8,3,5,Returned
0,female,france,returning,fashion,shoes,ecolife,credit card,desktop,email,gold,standard,south,summer,no,Friday,3,44,36.46,5,15,27.34,8.99,15.16,179.11,6,4.2,3568.06,23.64,42.34,0,2023,8,4,6,Not Returned
1,male,india,loyal,home & kitchen,cookware,nova,paypal,mobile,paid ads,standard,same day,west,summer,no,Friday,3,46,142.48,4,10,56.99,23.48,36.3,572.71,5,2.4,5405.15,24.38,139.63,1,2023,8,4,6,Returned
0,female,france,premium,home & kitchen,appliances,freshmart,credit card,mobile,direct,standard,express,north,summer,no,Friday,3,43,109.35,3,15,49.21,17.15,23.49,319.48,6,4.2,6513.04,25.39,81.12,0,2023,8,4,6,Not Returned
0,female,india,returning,beauty,skincare,nova,credit card,mobile,direct,silver,standard,south,summer,no,Friday,3,20,29.38,2,20,11.75,5.53,6.61,59.15,7,4,60.11,14.54,8.6,0,2023,8,4,6,Not Returned
0,male,uae,loyal,fashion,men clothing,apex,debit card,desktop,referral,standard,pickup,central,summer,no,Saturday,3,50,41.18,3,0,0,7.31,10.77,141.62,2,3.8,1219.41,31.05,43.97,0,2023,8,5,7,Not Returned
0,male,australia,returning,fashion,shoes,primeplus,wallet,desktop,referral,gold,standard,east,summer,no,Sunday,3,29,108,2,0,0,3.63,10.44,230.07,4,3.9,3964.34,26.69,61.41,0,2023,8,6,1,Not Returned
0,female,uae,new,groceries,fresh produce,urbanco,credit card,mobile,paid ads,gold,pickup,south,summer,no,Sunday,3,19,14.74,1,15,2.21,1.92,1.75,16.2,2,5,20,16.67,2.7,0,2023,8,6,1,Not Returned
0,male,united states,loyal,sports,fitness,freshmart,cash on delivery,mobile,email,standard,standard,north,summer,no,Sunday,3,34,53.9,2,5,5.39,4.71,9.7,116.82,2,3.5,2825.34,19.61,22.91,0,2023,8,6,1,Returned
0,male,uae,loyal,sports,equipment,quickcart,bank transfer,tablet,direct,silver,same day,east,summer,no,Monday,3,56,92.23,7,35,225.96,28.09,24.33,472.07,1,4,4113.32,21.3,100.55,1,2023,8,7,2,Not Returned
0,male,united kingdom,new,home & kitchen,furniture,valuemax,credit card,mobile,direct,gold,standard,central,summer,no,Thursday,3,28,108.72,4,5,21.74,5.3,14.63,433.07,4,4.5,7892.74,17.28,74.83,1,2023,8,10,5,Not Returned
0,male,germany,loyal,home & kitchen,appliances,freshmart,wallet,mobile,direct,silver,express,central,summer,no,Thursday,3,39,102.21,4,20,81.77,17.87,44.02,388.96,4,3,5929.88,24.42,94.98,1,2023,8,10,5,Returned
0,male,australia,returning,fashion,men clothing,primeplus,cash on delivery,mobile,paid ads,standard,standard,west,summer,no,Thursday,3,36,22.83,4,10,9.13,8.09,3.3,93.58,2,4.4,1029.23,29.37,27.48,0,2023,8,10,5,Not Returned
0,female,india,new,electronics,mobile,freshmart,credit card,mobile,referral,standard,standard,east,summer,no,Friday,3,18,872.12,5,10,436.06,12.52,515.81,4452.87,6,3.3,35357.42,16.78,747.19,1,2023,8,11,6,Not Returned
0,female,pakistan,premium,beauty,makeup,primeplus,cash on delivery,mobile,direct,standard,express,east,summer,no,Saturday,3,36,47.08,1,5,2.35,14.49,3.39,62.61,8,5,2099.02,35.82,22.43,0,2023,8,12,7,Not Returned
1,female,united kingdom,new,electronics,accessories,nova,paypal,mobile,paid ads,silver,standard,west,summer,no,Saturday,3,45,210.62,4,10,84.25,6.08,94.42,858.73,4,2.9,8160.14,28.06,240.96,1,2023,8,12,7,Returned
0,male,germany,loyal,electronics,mobile,primeplus,debit card,desktop,direct,standard,pickup,central,summer,no,Saturday,3,54,385.83,3,0,0,3.66,114.97,1276.12,6,4.7,3329.61,13.16,167.94,1,2023,8,12,7,Not Returned
0,male,saudi arabia,returning,electronics,laptop,ecolife,cash on delivery,mobile,referral,standard,standard,north,summer,no,Sunday,3,43,458.49,2,0,0,8.72,58.79,984.49,10,3.5,16617.16,19.17,188.73,1,2023,8,13,1,Not Returned
1,male,uae,returning,fashion,women clothing,nova,cash on delivery,tablet,social media,standard,standard,south,summer,no,Sunday,3,58,56.58,4,25,56.58,7.93,18.5,196.17,4,2.4,2130.29,18.61,36.51,0,2023,8,13,1,Returned
0,female,uae,loyal,home & kitchen,furniture,quickcart,wallet,desktop,paid ads,standard,standard,north,summer,no,Sunday,3,51,130.54,3,10,39.16,5.59,36.3,394.35,4,4.5,4808.55,23.72,93.54,1,2023,8,13,1,Not Returned
0,female,uae,new,fashion,shoes,primeplus,debit card,mobile,paid ads,standard,standard,west,summer,no,Monday,3,54,33.31,1,5,1.67,5.29,1.95,38.88,5,4.2,104.71,29.65,11.53,0,2023,8,14,2,Not Returned
0,female,india,new,books,comics,apex,paypal,mobile,social media,standard,standard,south,summer,no,Tuesday,3,18,19.89,4,25,19.89,11.21,7.53,78.41,6,4.9,1510.07,37.88,29.7,0,2023,8,15,3,Not Returned
0,male,uae,premium,beauty,makeup,trendify,wallet,mobile,organic search,gold,express,central,summer,no,Tuesday,3,30,39.42,2,15,11.83,16.05,3.47,86.53,1,4,2950.23,38.28,33.12,0,2023,8,15,3,Not Returned
0,female,united states,new,beauty,haircare,urbanco,wallet,desktop,direct,silver,standard,west,summer,no,Tuesday,3,48,44.74,3,5,6.71,9.63,13.8,150.94,6,4.5,2494.02,13.92,21.01,0,2023,8,15,3,Not Returned
0,male,france,loyal,fashion,men clothing,trendify,bank transfer,mobile,paid ads,standard,pickup,west,summer,yes,Wednesday,3,25,148.63,4,20,118.9,10.73,48.83,535.18,3,3.5,4910.34,29.62,158.52,1,2023,8,16,4,Returned
0,male,pakistan,returning,home & kitchen,appliances,primeplus,bank transfer,mobile,organic search,platinum,same day,east,summer,no,Wednesday,3,29,130.68,2,10,26.14,15.78,28.44,279.44,0,4.2,4299.17,9.93,27.75,0,2023,8,16,4,Not Returned
0,female,pakistan,returning,electronics,headphones,primeplus,paypal,desktop,referral,standard,express,central,summer,no,Wednesday,3,41,556.01,3,35,583.81,15.65,114.79,1214.66,3,4.6,12516.99,9.33,113.33,1,2023,8,16,4,Not Returned
0,male,saudi arabia,returning,electronics,headphones,nova,wallet,mobile,social media,standard,standard,west,summer,no,Wednesday,3,25,415.42,3,10,124.63,5.23,45.84,1172.7,7,4.1,6719.29,23.77,278.75,1,2023,8,16,4,Not Returned
0,female,canada,new,electronics,headphones,zenith,paypal,desktop,paid ads,standard,express,east,summer,no,Thursday,3,31,294.2,2,30,176.52,12.11,31.14,455.13,3,4.4,2555.8,20.42,92.94,1,2023,8,17,5,Not Returned
0,female,germany,returning,toys,puzzles,quickcart,debit card,mobile,organic search,gold,express,central,summer,yes,Friday,3,18,27.91,5,0,0,9.09,8.92,157.56,4,4.1,475.05,11.62,18.31,0,2023,8,18,6,Not Returned
0,female,saudi arabia,returning,beauty,makeup,nova,cash on delivery,mobile,social media,standard,standard,east,summer,no,Friday,3,47,74.12,3,0,0,8.02,14.13,244.51,8,3.5,1409.31,29.06,71.05,0,2023,8,18,6,Returned
0,male,australia,returning,electronics,mobile,ecolife,cash on delivery,mobile,social media,gold,express,central,summer,no,Friday,3,27,369.07,4,20,295.26,16.35,169.75,1367.12,3,3.9,14207.83,19.65,268.64,1,2023,8,18,6,Not Returned
0,female,uae,returning,fashion,bags,valuemax,bank transfer,mobile,social media,standard,pickup,north,summer,no,Friday,3,41,120.59,6,35,253.24,13.75,44.92,528.97,0,4.1,6560.9,27.84,147.27,1,2023,8,18,6,Not Returned
0,female,australia,loyal,fashion,men clothing,valuemax,cash on delivery,desktop,paid ads,silver,express,west,summer,no,Friday,3,21,33.34,3,25,25.01,15.33,8.78,99.12,5,5,1370.66,12.85,12.74,0,2023,8,18,6,Not Returned
0,female,india,new,groceries,fresh produce,trendify,cash on delivery,mobile,social media,silver,standard,central,summer,no,Saturday,3,37,11.72,1,20,2.34,1.27,0.57,11.22,7,4.6,116.03,24.96,2.8,0,2023,8,19,7,Not Returned
0,female,india,loyal,home & kitchen,furniture,ecolife,paypal,mobile,referral,standard,express,north,summer,no,Sunday,3,30,207.03,2,15,62.11,17.16,37.4,406.51,6,4.1,7545.28,22.72,92.36,1,2023,8,20,1,Not Returned
0,female,germany,returning,groceries,beverages,freshmart,credit card,mobile,email,standard,standard,south,summer,no,Sunday,3,40,23.33,2,15,7,5.68,1.79,47.13,6,4.2,487.89,20.2,9.52,0,2023,8,20,1,Not Returned
0,female,uae,premium,home & kitchen,cookware,trendify,bank transfer,tablet,email,standard,express,west,summer,no,Sunday,3,61,209.91,2,5,20.99,16.84,29.84,445.51,3,4,4278.23,21.13,94.14,1,2023,8,20,1,Not Returned
0,male,germany,new,sports,fitness,nova,cash on delivery,mobile,social media,silver,express,central,summer,no,Sunday,3,40,74.84,2,20,29.94,13.24,12.21,145.19,6,4.1,1594.8,22.86,33.19,0,2023,8,20,1,Not Returned
0,female,saudi arabia,returning,toys,puzzles,trendify,credit card,tablet,paid ads,standard,standard,west,summer,no,Sunday,3,36,52.86,2,10,10.57,4.9,8.08,108.13,0,3.8,1257.73,32.63,35.28,0,2023,8,20,1,Not Returned
0,male,saudi arabia,returning,fashion,men clothing,urbanco,paypal,mobile,direct,platinum,standard,central,summer,no,Sunday,3,43,36.03,1,10,3.6,0,2.87,35.3,7,3.3,322.56,19.79,6.99,0,2023,8,20,1,Returned
0,female,united states,loyal,electronics,laptop,primeplus,paypal,mobile,paid ads,silver,standard,south,summer,no,Monday,3,43,360.55,2,0,0,2.99,55.81,779.9,4,4.2,3425.32,6.93,54.05,1,2023,8,21,2,Not Returned
0,female,saudi arabia,loyal,fashion,shoes,quickcart,credit card,desktop,referral,silver,pickup,west,summer,no,Tuesday,3,21,73.23,4,10,29.29,10.03,14.38,288.04,8,5,3037.05,42.78,123.22,0,2023,8,22,3,Not Returned
0,female,india,new,electronics,headphones,zenith,cash on delivery,mobile,referral,standard,express,west,summer,no,Tuesday,3,34,291.67,4,5,58.33,18.11,87.28,1213.74,5,3.7,11089.95,4.1,49.76,1,2023,8,22,3,Not Returned
0,female,india,new,home & kitchen,appliances,quickcart,cash on delivery,mobile,social media,gold,standard,north,summer,no,Tuesday,3,36,66.63,6,20,79.96,8.66,28.93,357.41,6,3.5,4424.56,19.97,71.37,0,2023,8,22,3,Returned
0,female,united kingdom,returning,electronics,accessories,ecolife,paypal,tablet,email,standard,standard,east,summer,no,Wednesday,3,26,330.57,3,0,0,4.96,65.67,1062.34,4,4.4,6193.1,19.85,210.87,1,2023,8,23,4,Not Returned
1,male,india,premium,home & kitchen,decor,primeplus,cash on delivery,mobile,organic search,gold,same day,central,summer,no,Wednesday,3,18,165.44,6,10,99.26,21.4,88.23,1003.01,0,3.5,20207.75,33.19,332.9,1,2023,8,23,4,Returned
0,male,germany,returning,groceries,fresh produce,apex,debit card,desktop,paid ads,standard,standard,west,summer,no,Wednesday,3,21,25.85,2,0,0,6.24,4.45,62.39,6,4.2,1071.09,19.56,12.2,0,2023,8,23,4,Not Returned
0,female,germany,loyal,beauty,haircare,apex,credit card,desktop,organic search,platinum,pickup,east,summer,no,Wednesday,3,22,27.74,3,20,16.64,0.74,6.34,73.66,6,4.5,750.98,18.99,13.99,0,2023,8,23,4,Not Returned
0,female,united states,returning,electronics,laptop,apex,bank transfer,mobile,email,silver,standard,west,summer,no,Wednesday,3,33,309.35,7,0,0,11.93,131.19,2308.57,5,4.4,40123.98,26.26,606.23,1,2023,8,23,4,Not Returned
0,female,france,loyal,groceries,snacks,ecolife,wallet,desktop,organic search,standard,standard,north,summer,no,Thursday,3,49,18,1,0,0,8.44,1.71,28.15,5,4.3,651.48,26.9,7.57,0,2023,8,24,5,Not Returned
1,male,united kingdom,loyal,fashion,shoes,quickcart,debit card,mobile,organic search,standard,standard,west,summer,no,Thursday,3,65,64.25,2,15,19.27,6.51,12.61,128.35,4,3.7,1308.58,26.12,33.53,0,2023,8,24,5,Returned
1,female,australia,new,groceries,snacks,apex,wallet,mobile,referral,standard,standard,south,summer,no,Thursday,3,57,9.46,3,15,4.26,6.54,2.95,33.61,4,3.9,257.31,23.7,7.97,0,2023,8,24,5,Not Returned
0,male,united states,loyal,electronics,laptop,freshmart,bank transfer,desktop,paid ads,platinum,standard,central,summer,yes,Thursday,3,30,489.9,2,0,0,0,77.38,1057.18,6,3.8,19705.45,5.77,61,1,2023,8,24,5,Not Returned
0,female,france,returning,fashion,shoes,quickcart,bank transfer,mobile,email,standard,same day,south,summer,no,Thursday,3,32,76.9,6,10,46.14,24.36,20.93,460.55,1,4.1,9096.49,44.06,202.92,1,2023,8,24,5,Not Returned
1,female,united kingdom,loyal,beauty,skincare,valuemax,paypal,mobile,paid ads,standard,standard,central,summer,no,Friday,3,34,25.13,6,5,7.54,11.9,11.49,166.63,4,3.3,1152.34,30.19,50.31,0,2023,8,25,6,Returned
0,male,pakistan,returning,toys,board games,valuemax,debit card,desktop,organic search,gold,express,east,summer,no,Friday,3,45,55.44,4,10,22.18,10.71,18.41,228.7,5,3.8,3333.35,23.97,54.82,0,2023,8,25,6,Not Returned
0,female,saudi arabia,premium,fashion,shoes,nova,paypal,desktop,referral,standard,pickup,central,summer,no,Saturday,3,28,66,4,30,79.2,8.95,24.39,218.14,4,4.4,2361.81,23.1,50.39,0,2023,8,26,7,Not Returned
0,female,france,returning,home & kitchen,cookware,zenith,cash on delivery,desktop,email,gold,standard,north,summer,no,Saturday,3,18,171.16,1,5,8.56,2.36,6.86,171.82,8,3.7,1897.59,23.85,40.98,0,2023,8,26,7,Not Returned
0,female,uae,loyal,home & kitchen,decor,apex,debit card,mobile,organic search,platinum,standard,north,summer,no,Saturday,3,38,69.78,3,20,41.87,0.56,23.62,191.65,5,4.5,3750.25,24.87,47.66,0,2023,8,26,7,Not Returned
0,female,india,returning,electronics,mobile,apex,cash on delivery,mobile,organic search,standard,standard,north,summer,no,Saturday,3,48,521.27,3,15,234.57,6.25,130.34,1465.83,5,4,11890.47,3,43.97,1,2023,8,26,7,Not Returned
1,male,canada,loyal,sports,fitness,nova,bank transfer,desktop,direct,standard,standard,east,summer,no,Saturday,3,46,69.81,5,15,52.36,11.31,28.82,336.82,3,2.8,5952.77,24.06,81.04,0,2023,8,26,7,Returned
0,female,pakistan,new,electronics,accessories,primeplus,paypal,tablet,email,silver,express,central,summer,no,Monday,3,46,365.28,4,10,146.11,18.92,53.8,1387.73,2,3.7,21121.11,17.33,240.49,1,2023,8,28,2,Not Returned
0,female,pakistan,returning,fashion,women clothing,urbanco,credit card,mobile,direct,standard,standard,east,summer,yes,Monday,3,46,45.08,3,40,54.1,8.45,13.09,102.68,6,4.7,1647.43,16.64,17.09,0,2023,8,28,2,Not Returned
0,female,france,new,sports,fitness,freshmart,wallet,mobile,social media,standard,express,south,summer,yes,Monday,3,39,77.15,2,25,38.58,11.5,7.64,134.86,4,2.6,1795.56,13.39,18.06,0,2023,8,28,2,Returned
0,female,saudi arabia,new,electronics,accessories,trendify,wallet,mobile,social media,standard,standard,north,summer,no,Tuesday,3,37,189.48,3,15,85.27,8.14,17.74,509.05,7,4.5,9531.52,3,15.27,1,2023,8,29,3,Not Returned
0,male,france,new,electronics,laptop,urbanco,credit card,mobile,direct,standard,express,south,summer,no,Tuesday,3,34,749.12,1,15,112.37,12.01,71.89,720.65,4,4.6,12549.59,4.52,32.57,1,2023,8,29,3,Not Returned
0,female,united states,new,fashion,bags,trendify,cash on delivery,desktop,organic search,standard,express,north,summer,no,Tuesday,3,40,32.63,4,0,0,17.93,5.3,153.75,0,4.6,529.58,23.63,36.33,0,2023,8,29,3,Not Returned
0,male,uae,returning,groceries,beverages,quickcart,debit card,desktop,paid ads,platinum,same day,north,summer,no,Wednesday,3,18,20.03,2,25,10.02,18.66,4.5,53.2,1,5,1156.96,15.9,8.46,0,2023,8,30,4,Not Returned
0,male,united states,returning,electronics,mobile,zenith,paypal,desktop,organic search,standard,standard,south,summer,no,Wednesday,3,33,905.46,1,5,45.27,4.8,91.32,956.31,1,5,2307.41,12.8,122.41,1,2023,8,30,4,Not Returned
0,male,canada,new,electronics,mobile,primeplus,credit card,desktop,email,standard,pickup,east,summer,no,Thursday,3,27,513.17,5,5,128.29,10.76,221.61,2669.93,2,4.2,10624.7,22.54,601.8,1,2023,8,31,5,Not Returned
0,female,india,returning,beauty,makeup,ecolife,debit card,mobile,organic search,standard,same day,central,summer,no,Thursday,3,35,56.15,3,0,0,21.09,16.25,205.79,4,4.5,1781.96,24.39,50.19,0,2023,8,31,5,Not Returned
0,female,france,loyal,electronics,accessories,freshmart,cash on delivery,mobile,social media,standard,standard,south,summer,no,Thursday,3,34,769.37,4,35,1077.12,8.17,287.07,2295.6,5,5,16628.82,3,68.87,1,2023,8,31,5,Not Returned
0,male,united states,loyal,groceries,fresh produce,freshmart,wallet,mobile,direct,gold,standard,west,summer,yes,Thursday,3,60,19.85,2,10,3.97,5.74,2.68,44.15,6,4.6,879.61,29.02,12.81,0,2023,8,31,5,Not Returned
0,male,australia,returning,sports,sportswear,primeplus,wallet,mobile,organic search,standard,express,east,summer,no,Thursday,3,38,65.99,3,10,19.8,13.65,22.26,214.08,5,4.6,2223.3,17.96,38.45,0,2023,8,31,5,Not Returned
0,female,india,premium,electronics,accessories,nova,bank transfer,desktop,email,standard,express,north,autumn,no,Friday,3,54,244.19,3,10,73.26,16.95,50.59,726.85,5,4,9575.2,12.22,88.82,1,2023,9,1,6,Not Returned
0,female,saudi arabia,returning,sports,sportswear,quickcart,paypal,desktop,paid ads,gold,standard,east,autumn,no,Friday,3,24,173.78,7,15,182.47,11.49,45.52,1091,5,4.8,13629.09,14.69,160.27,1,2023,9,1,6,Not Returned
0,female,india,new,home & kitchen,decor,freshmart,debit card,mobile,paid ads,silver,express,east,autumn,no,Friday,3,30,126.47,1,0,0,15.28,11.3,153.05,4,2.7,1159.33,19.41,29.71,0,2023,9,1,6,Returned
0,female,united kingdom,new,toys,educational,quickcart,debit card,desktop,direct,standard,standard,east,autumn,no,Friday,3,40,39.94,2,20,15.98,8.36,4.35,76.61,4,3.9,353.67,18.29,14.01,0,2023,9,1,6,Not Returned
0,female,united kingdom,premium,home & kitchen,appliances,freshmart,paypal,mobile,social media,platinum,standard,east,autumn,no,Friday,3,42,140.71,3,15,63.32,3.8,20.13,382.74,7,4.5,7132.98,5.85,22.39,0,2023,9,1,6,Not Returned
0,female,united states,premium,books,non-fiction,freshmart,cash on delivery,mobile,referral,standard,express,east,autumn,no,Friday,3,52,20.54,4,5,4.11,15.17,2.98,96.2,8,3.3,2530.08,19.87,19.11,0,2023,9,1,6,Returned
0,female,uae,returning,groceries,beverages,freshmart,wallet,tablet,direct,gold,standard,north,autumn,no,Saturday,3,40,15.72,3,0,0,4.38,3.51,55.05,4,5,531.26,27.41,15.09,0,2023,9,2,7,Not Returned
0,male,uae,returning,electronics,accessories,nova,bank transfer,mobile,paid ads,silver,standard,north,autumn,no,Saturday,3,34,228.87,1,10,22.89,4.03,8.83,218.84,6,4.8,3230.41,3,6.57,0,2023,9,2,7,Not Returned
0,female,uae,premium,books,non-fiction,primeplus,cash on delivery,mobile,social media,standard,standard,north,autumn,no,Sunday,3,21,29.07,4,0,0,9.16,11.52,136.96,6,3.3,1863.79,28.47,38.99,0,2023,9,3,1,Returned
0,male,germany,new,sports,equipment,valuemax,credit card,mobile,organic search,standard,express,west,autumn,no,Sunday,3,24,153.27,3,40,183.92,16.41,23,315.3,1,3.9,2711.61,19.98,63,0,2023,9,3,1,Not Returned
0,male,canada,new,home & kitchen,furniture,nova,bank transfer,mobile,organic search,standard,express,north,autumn,no,Sunday,3,18,62,5,30,93,19.14,14.58,250.72,3,3.5,2743.97,27.63,69.27,0,2023,9,3,1,Returned
0,male,united kingdom,returning,fashion,bags,ecolife,paypal,mobile,referral,silver,standard,north,autumn,no,Sunday,3,43,68.51,2,20,27.4,6.69,5.71,122.02,6,4.2,1370.44,20.9,25.5,0,2023,9,3,1,Not Returned
0,female,united kingdom,returning,electronics,mobile,ecolife,paypal,mobile,referral,gold,pickup,west,autumn,no,Sunday,3,31,771.55,3,5,115.73,3.96,88.92,2291.8,5,3.3,27911.89,18.65,427.42,1,2023,9,3,1,Returned
0,male,uae,returning,toys,action figures,nova,bank transfer,desktop,social media,standard,standard,north,autumn,yes,Monday,3,50,43.66,2,0,0,4.45,7.85,99.62,5,4.3,103.69,22.67,22.58,0,2023,9,4,2,Not Returned
0,female,india,new,fashion,men clothing,primeplus,cash on delivery,mobile,email,silver,standard,east,autumn,no,Monday,3,42,145.31,1,40,58.12,0.19,11.01,98.39,8,4.3,936.91,6.72,6.61,0,2023,9,4,2,Not Returned
0,female,united kingdom,new,fashion,shoes,valuemax,debit card,mobile,paid ads,standard,standard,central,autumn,no,Monday,3,30,130.69,5,10,65.34,10.88,25.07,624.06,7,4.6,8002.07,29.33,183.04,1,2023,9,4,2,Not Returned
0,male,india,loyal,sports,fitness,apex,wallet,desktop,email,gold,standard,west,autumn,no,Tuesday,3,28,123.11,5,15,92.33,8.69,31.12,563.03,5,4.9,9070.33,38.92,219.13,1,2023,9,5,3,Not Returned
0,female,united states,returning,beauty,skincare,trendify,paypal,desktop,paid ads,platinum,standard,south,autumn,yes,Tuesday,3,29,24.95,1,0,0,0,0.75,25.7,6,3.7,181.32,19.4,4.99,0,2023,9,5,3,Not Returned
0,male,australia,new,groceries,beverages,ecolife,credit card,mobile,organic search,silver,standard,east,autumn,no,Wednesday,3,30,24.77,3,0,0,9.27,3.3,86.88,4,4,1598.53,30.68,26.65,0,2023,9,6,4,Not Returned
0,female,germany,returning,groceries,fresh produce,urbanco,credit card,desktop,paid ads,gold,express,east,autumn,no,Wednesday,3,39,13.11,6,25,19.66,18.36,5.49,82.85,4,3.9,633.9,14.6,12.1,0,2023,9,6,4,Not Returned
0,female,saudi arabia,loyal,beauty,skincare,apex,bank transfer,mobile,referral,silver,standard,east,autumn,no,Wednesday,3,53,75.18,4,15,45.11,6.65,15.81,278.07,3,4.5,3232.08,40.79,113.42,0,2023,9,6,4,Not Returned
0,male,france,loyal,electronics,mobile,trendify,wallet,desktop,direct,standard,express,east,autumn,no,Thursday,3,36,333.81,2,25,166.9,12.88,78.69,592.29,0,5,11427.08,22.77,134.86,1,2023,9,7,5,Not Returned
0,male,canada,returning,electronics,laptop,primeplus,wallet,mobile,email,silver,standard,south,autumn,no,Thursday,3,64,573.37,4,10,229.35,9.18,206.27,2279.58,6,4.4,10176.55,16.2,369.29,1,2023,9,7,5,Not Returned
0,female,united states,returning,sports,fitness,nova,bank transfer,mobile,referral,standard,standard,south,autumn,no,Thursday,3,18,69.55,3,0,0,4.14,19.84,232.63,8,3.5,2836.12,24.18,56.25,0,2023,9,7,5,Returned
0,female,united states,loyal,home & kitchen,appliances,zenith,wallet,mobile,organic search,silver,standard,south,autumn,no,Friday,3,36,138.08,1,15,20.71,3.85,13.82,135.04,3,5,2493.29,6.27,8.47,0,2023,9,8,6,Not Returned
0,male,united states,returning,electronics,accessories,valuemax,credit card,desktop,paid ads,gold,standard,north,autumn,no,Sunday,3,44,225.73,3,10,67.72,0,41.27,650.74,5,4.6,8140.4,23.98,156.05,1,2023,9,10,1,Not Returned
1,female,uae,returning,sports,outdoor,apex,credit card,tablet,social media,gold,express,west,autumn,no,Sunday,3,38,127.36,1,20,25.47,7.34,6.03,115.26,3,3.9,1595.5,26.1,30.08,0,2023,9,10,1,Not Returned
0,female,canada,new,fashion,bags,freshmart,cash on delivery,mobile,direct,standard,standard,west,autumn,no,Sunday,3,47,65.92,3,20,39.55,10.42,17.24,185.87,6,4.2,908.78,16.34,30.37,0,2023,9,10,1,Not Returned
0,female,pakistan,premium,toys,puzzles,trendify,bank transfer,desktop,email,standard,same day,central,autumn,no,Monday,3,40,49.07,2,0,0,19.01,10.16,127.31,4,3.7,2296.8,21.75,27.69,0,2023,9,11,2,Not Returned
0,female,pakistan,premium,fashion,shoes,freshmart,debit card,mobile,social media,standard,express,east,autumn,no,Monday,3,42,45.41,7,15,47.68,19.8,9.83,299.82,6,4.7,4259,32.39,97.11,0,2023,9,11,2,Not Returned
1,male,saudi arabia,loyal,groceries,snacks,urbanco,credit card,tablet,email,gold,same day,north,autumn,no,Monday,3,26,15.55,4,20,12.44,18.5,6.71,74.97,6,3,1782.83,27.69,20.76,0,2023,9,11,2,Returned
0,male,saudi arabia,loyal,beauty,fragrance,nova,bank transfer,desktop,referral,silver,express,north,autumn,yes,Monday,3,26,96.85,7,15,101.69,20.84,67.7,664.8,7,3.7,11731.7,23.23,154.43,1,2023,9,11,2,Not Returned
0,female,australia,loyal,home & kitchen,furniture,freshmart,bank transfer,desktop,email,standard,standard,central,autumn,no,Tuesday,3,20,131.83,3,30,118.65,6.29,28.46,311.59,5,4,1345.33,13.87,43.22,0,2023,9,12,3,Not Returned
0,female,united kingdom,loyal,home & kitchen,decor,quickcart,wallet,mobile,organic search,gold,express,south,autumn,no,Wednesday,3,41,116.23,5,15,87.17,15.4,69.15,578.53,8,4.1,11575.99,20.96,121.26,1,2023,9,13,4,Not Returned
0,female,united states,loyal,electronics,headphones,valuemax,wallet,tablet,organic search,platinum,standard,south,autumn,no,Wednesday,3,18,395.02,5,10,197.51,0.06,191.95,1969.6,5,4.2,16920.65,21.87,430.75,1,2023,9,13,4,Not Returned
0,male,uae,loyal,groceries,fresh produce,valuemax,cash on delivery,mobile,direct,gold,standard,south,autumn,no,Thursday,3,52,29.33,3,10,8.8,1.19,4.69,85.07,4,5,1107.42,24.52,20.86,0,2023,9,14,5,Not Returned
0,female,australia,loyal,groceries,fresh produce,ecolife,debit card,desktop,email,platinum,standard,west,autumn,no,Thursday,3,43,14.59,4,5,2.92,5.52,2.63,63.59,3,4.4,1712.69,14.58,9.27,0,2023,9,14,5,Not Returned
0,male,germany,new,groceries,beverages,valuemax,debit card,desktop,social media,silver,express,east,autumn,no,Thursday,3,23,13.82,2,0,0,12.84,1.6,42.08,7,3.5,478.14,18.84,7.93,0,2023,9,14,5,Returned
0,female,uae,loyal,electronics,accessories,zenith,bank transfer,desktop,paid ads,gold,standard,west,autumn,no,Thursday,3,43,521.38,1,35,182.48,1.51,48.8,389.21,6,4.6,3889.17,17.52,68.19,1,2023,9,14,5,Not Returned
0,female,australia,returning,fashion,men clothing,primeplus,wallet,mobile,email,gold,standard,south,autumn,no,Friday,3,38,30.18,1,10,3.02,6.04,1.88,35.08,5,4.4,359.36,20.68,7.25,0,2023,9,15,6,Not Returned
0,female,canada,loyal,beauty,makeup,zenith,credit card,desktop,email,silver,standard,south,autumn,no,Friday,3,44,20.96,5,0,0,12,9.02,125.82,5,2.7,1213.28,36.47,45.89,0,2023,9,15,6,Returned
0,male,canada,new,books,fiction,zenith,wallet,desktop,referral,standard,express,central,autumn,no,Sunday,3,37,12.45,5,5,3.11,20.91,3.29,83.34,5,4.2,1437.62,14.95,12.46,0,2023,9,17,1,Not Returned
0,male,germany,loyal,electronics,mobile,valuemax,wallet,desktop,organic search,standard,express,central,autumn,no,Sunday,3,44,451.35,4,15,270.81,16.84,188.76,1740.19,6,4.6,10095.93,3.02,52.55,1,2023,9,17,1,Not Returned
0,other,germany,loyal,fashion,men clothing,valuemax,wallet,mobile,direct,standard,standard,central,autumn,no,Sunday,3,19,56.34,2,15,16.9,6.93,6,108.71,6,3.8,2757.66,36.39,39.56,0,2023,9,17,1,Not Returned
0,male,pakistan,new,groceries,fresh produce,apex,debit card,mobile,social media,silver,standard,south,autumn,no,Monday,3,27,21.19,6,35,44.5,13.36,3.94,99.94,4,3.8,1990.96,15.86,15.85,0,2023,9,18,2,Not Returned
0,female,uae,loyal,sports,outdoor,urbanco,wallet,desktop,paid ads,gold,standard,east,autumn,no,Monday,3,32,43.88,4,15,26.33,2.98,15.13,167.3,8,4.9,3510.35,27.06,45.27,0,2023,9,18,2,Not Returned
0,male,germany,new,fashion,men clothing,apex,credit card,mobile,direct,platinum,standard,central,autumn,no,Monday,3,27,79.94,2,25,39.97,0.98,8.74,129.63,5,5,1939.03,28.74,37.26,0,2023,9,18,2,Not Returned
1,female,canada,returning,toys,educational,trendify,debit card,mobile,organic search,standard,standard,north,autumn,no,Tuesday,3,39,58.61,1,40,23.44,7,6.44,48.61,6,1.5,687.85,20.49,9.96,0,2023,9,19,3,Returned
0,male,united states,returning,toys,action figures,primeplus,debit card,mobile,referral,standard,standard,north,autumn,no,Tuesday,3,39,18.84,4,0,0,7.81,5.27,88.44,4,3.6,1585.27,17.36,15.35,0,2023,9,19,3,Returned
0,female,saudi arabia,new,beauty,haircare,apex,wallet,mobile,email,standard,standard,south,autumn,no,Tuesday,3,41,23.62,9,20,42.52,18.55,10.22,198.83,7,4.1,1634.31,28.44,56.55,0,2023,9,19,3,Not Returned
1,male,india,returning,fashion,women clothing,urbanco,cash on delivery,mobile,paid ads,standard,standard,east,autumn,no,Tuesday,3,20,51.47,2,30,30.88,8.07,9.77,89.9,6,3.1,1697.59,14.24,12.8,0,2023,9,19,3,Returned
0,female,germany,returning,electronics,laptop,zenith,debit card,tablet,organic search,standard,express,north,autumn,no,Wednesday,3,40,487.5,1,25,121.88,9.96,27.99,403.57,1,5,1327.39,18,72.64,1,2023,9,20,4,Not Returned
0,male,pakistan,returning,beauty,fragrance,primeplus,wallet,mobile,referral,gold,standard,central,autumn,no,Thursday,3,42,53.04,2,20,21.22,2.94,5.75,93.55,4,4,893.51,37.28,34.88,0,2023,9,21,5,Not Returned
1,female,canada,returning,beauty,fragrance,zenith,wallet,mobile,organic search,gold,express,south,autumn,no,Thursday,3,18,23.7,2,0,0,10.4,5.09,62.89,5,3.1,1032.16,35.56,22.36,0,2023,9,21,5,Returned
0,male,pakistan,loyal,groceries,beverages,quickcart,debit card,desktop,direct,silver,standard,west,autumn,no,Thursday,3,36,27.11,2,15,8.13,7,3.6,56.69,4,3.4,836.85,15.32,8.68,0,2023,9,21,5,Returned
0,male,united kingdom,loyal,electronics,laptop,apex,paypal,mobile,social media,standard,standard,north,autumn,yes,Friday,3,40,714.88,1,5,35.74,5.57,37.39,722.1,3,5,5657.77,18.62,134.46,1,2023,9,22,6,Not Returned
0,male,germany,new,groceries,beverages,zenith,paypal,mobile,social media,standard,standard,west,autumn,no,Friday,3,43,29.05,6,0,0,11.03,12.21,197.54,5,4.6,478.61,29.18,57.64,0,2023,9,22,6,Not Returned
0,male,pakistan,returning,home & kitchen,appliances,valuemax,debit card,desktop,social media,standard,standard,north,autumn,no,Friday,3,37,135.48,4,0,0,8.49,35.38,585.79,9,4,3992.65,15.08,88.34,1,2023,9,22,6,Not Returned
0,female,united kingdom,loyal,beauty,fragrance,valuemax,debit card,desktop,social media,standard,standard,central,autumn,no,Friday,3,28,32.29,4,10,12.92,7.72,10.65,134.61,5,4.2,3091.77,35.99,48.45,0,2023,9,22,6,Not Returned
0,male,canada,loyal,groceries,beverages,urbanco,debit card,mobile,email,gold,standard,south,autumn,no,Sunday,3,18,14.94,4,10,5.98,9.89,6.65,70.32,7,4.1,866.31,24.67,17.35,0,2023,9,24,1,Not Returned
0,female,uae,new,groceries,beverages,nova,paypal,mobile,direct,silver,standard,east,autumn,no,Sunday,3,42,21.19,2,10,4.24,6.07,1.41,45.62,4,3.6,904.45,21.59,9.85,0,2023,9,24,1,Not Returned
1,male,united states,returning,fashion,men clothing,quickcart,wallet,desktop,referral,standard,standard,south,autumn,no,Sunday,3,26,98.95,3,20,59.37,7.61,14.5,259.59,5,2.9,2342.81,34.42,89.35,0,2023,9,24,1,Returned
1,female,france,new,groceries,fresh produce,urbanco,cash on delivery,mobile,paid ads,standard,standard,central,autumn,no,Sunday,3,24,14.12,3,20,8.47,9.88,2.65,46.42,6,4.4,502.93,14.52,6.74,0,2023,9,24,1,Not Returned
0,female,saudi arabia,returning,fashion,men clothing,freshmart,debit card,mobile,direct,standard,standard,central,autumn,no,Sunday,3,44,57.41,4,0,0,9.88,11.02,250.54,5,4,4313.97,35.89,89.92,0,2023,9,24,1,Not Returned
0,male,united kingdom,returning,fashion,women clothing,urbanco,wallet,desktop,paid ads,standard,express,north,autumn,no,Monday,3,36,41.57,5,0,0,17.56,16.66,242.07,3,4.1,2853.06,28.44,68.84,0,2023,9,25,2,Not Returned
0,female,germany,loyal,sports,equipment,quickcart,cash on delivery,mobile,email,standard,standard,east,autumn,no,Monday,3,36,119.62,4,20,95.7,7.45,27.59,417.82,5,4.2,2526.62,6.63,27.7,1,2023,9,25,2,Not Returned
0,female,pakistan,returning,home & kitchen,decor,ecolife,wallet,mobile,direct,standard,express,north,autumn,no,Monday,3,28,128.08,4,0,0,16.55,49.27,578.14,8,4.9,2374.02,29.17,168.64,1,2023,9,25,2,Not Returned
0,male,france,new,groceries,dairy,urbanco,debit card,mobile,direct,standard,express,east,autumn,no,Monday,3,19,14.01,2,25,7,12.6,1.78,35.4,0,4.9,559.05,19.84,7.02,0,2023,9,25,2,Not Returned
0,male,canada,loyal,home & kitchen,decor,quickcart,cash on delivery,desktop,paid ads,standard,standard,west,autumn,yes,Monday,3,43,116.46,3,15,52.41,10.35,21.78,329.1,6,4.4,3406.83,26.13,85.99,0,2023,9,25,2,Not Returned
0,female,pakistan,new,beauty,makeup,nova,bank transfer,mobile,referral,platinum,standard,central,autumn,no,Monday,3,33,39.2,1,0,0,0,4.41,43.61,7,5,403.34,30.74,13.41,0,2023,9,25,2,Not Returned
0,male,united states,premium,home & kitchen,cookware,trendify,credit card,mobile,email,standard,standard,central,autumn,no,Monday,3,28,141.78,5,0,0,8.84,61.6,779.34,6,3.7,9091.59,16.04,125.01,1,2023,9,25,2,Not Returned
0,female,canada,returning,fashion,women clothing,primeplus,credit card,desktop,email,standard,same day,south,autumn,no,Monday,3,44,63.72,3,30,57.35,21.95,9.29,165.05,0,4.5,2907.23,25.24,41.66,0,2023,9,25,2,Not Returned
0,male,india,returning,books,non-fiction,primeplus,debit card,mobile,referral,standard,same day,north,autumn,no,Tuesday,3,32,24.23,2,5,2.42,21.12,3.66,70.82,7,4.1,754.39,37.85,26.81,0,2023,9,26,3,Not Returned
0,female,united states,new,groceries,dairy,trendify,credit card,mobile,social media,standard,standard,south,autumn,no,Tuesday,3,33,12.36,1,30,3.71,6.18,0.53,15.36,5,3,356.67,26.24,4.03,0,2023,9,26,3,Not Returned
0,female,germany,returning,fashion,women clothing,apex,credit card,mobile,referral,standard,standard,north,autumn,no,Wednesday,3,30,46.94,4,5,9.39,9.6,19.09,207.06,6,4,501.29,27.7,57.36,0,2023,9,27,4,Not Returned
0,female,australia,returning,groceries,snacks,freshmart,bank transfer,desktop,referral,standard,standard,south,autumn,no,Wednesday,3,41,12.63,4,10,5.05,7.74,6.06,59.27,7,3.8,349.61,5.44,3.22,0,2023,9,27,4,Not Returned
0,female,canada,returning,sports,sportswear,trendify,credit card,desktop,social media,gold,standard,north,autumn,no,Thursday,3,36,94.61,1,0,0,4.74,3.14,102.49,5,3.9,893.49,33.64,34.48,0,2023,9,28,5,Not Returned
0,male,united states,returning,fashion,bags,valuemax,bank transfer,tablet,paid ads,gold,pickup,east,autumn,no,Thursday,3,56,75.59,2,5,7.56,0.1,17.93,161.65,7,4,2712.25,21.15,34.19,0,2023,9,28,5,Not Returned
0,male,canada,returning,home & kitchen,decor,zenith,wallet,mobile,paid ads,standard,standard,north,autumn,no,Thursday,3,38,109.29,5,25,136.61,10.05,63.86,483.75,6,3.5,7929.08,7.69,37.2,1,2023,9,28,5,Returned
0,female,united states,returning,home & kitchen,appliances,urbanco,debit card,mobile,social media,silver,express,west,autumn,no,Thursday,3,26,134.89,2,20,53.96,11.86,17.32,245,4,3.3,3919.82,3,7.35,0,2023,9,28,5,Returned
0,male,australia,returning,groceries,snacks,urbanco,paypal,mobile,email,standard,standard,south,autumn,no,Saturday,3,46,14.91,3,0,0,6.04,4.16,54.93,4,4,363.86,31.3,17.19,0,2023,9,30,7,Not Returned
0,female,uae,loyal,home & kitchen,cookware,zenith,debit card,desktop,social media,standard,same day,west,autumn,yes,Saturday,3,19,93.23,1,35,32.63,19.01,4.96,84.57,0,4,969.21,17.25,14.59,0,2023,9,30,7,Not Returned
0,female,australia,returning,books,non-fiction,ecolife,bank transfer,mobile,paid ads,platinum,standard,south,autumn,no,Saturday,3,49,46.32,2,35,32.42,0.07,10.74,71.03,5,4.8,1375.71,20.81,14.78,0,2023,9,30,7,Not Returned
0,male,germany,loyal,books,comics,apex,cash on delivery,desktop,organic search,gold,standard,central,autumn,no,Sunday,4,19,38.54,4,5,7.71,4.96,6.66,158.07,5,4.3,3116.36,16.35,25.84,0,2023,10,1,1,Not Returned
0,female,india,returning,home & kitchen,furniture,quickcart,cash on delivery,tablet,organic search,standard,standard,central,autumn,no,Sunday,4,40,155.1,1,20,31.02,4.61,7.29,135.98,5,4.5,2279.16,3,4.08,0,2023,10,1,1,Not Returned
1,female,australia,returning,electronics,laptop,trendify,paypal,mobile,paid ads,standard,standard,central,autumn,yes,Monday,4,45,457.14,5,15,342.86,11.91,98.33,2053.08,5,2.6,6430.5,14.63,300.37,1,2023,10,2,2,Returned
0,male,india,premium,groceries,fresh produce,trendify,cash on delivery,desktop,organic search,silver,standard,south,autumn,no,Monday,4,47,23.19,2,15,6.96,11.74,4.08,55.24,7,4.6,1647.33,26.07,14.4,0,2023,10,2,2,Not Returned
0,female,germany,new,home & kitchen,furniture,nova,debit card,desktop,social media,standard,express,central,autumn,no,Monday,4,45,166.43,2,5,16.64,13.11,25.09,354.42,3,4.4,1177.33,20.99,74.39,0,2023,10,2,2,Not Returned
0,male,uae,returning,sports,fitness,trendify,cash on delivery,mobile,social media,silver,express,south,autumn,no,Monday,4,46,69.49,4,5,13.9,20.07,32.8,316.93,5,3.7,4409.56,11,34.86,0,2023,10,2,2,Not Returned
0,male,germany,loyal,fashion,men clothing,urbanco,paypal,mobile,social media,standard,standard,north,autumn,no,Tuesday,4,38,43.12,3,25,32.34,4.44,4.51,105.97,5,3.5,2247.32,28.8,30.52,0,2023,10,3,3,Returned
0,male,australia,returning,home & kitchen,cookware,quickcart,wallet,desktop,social media,standard,pickup,west,autumn,no,Tuesday,4,45,165.5,1,20,33.1,10.74,7.57,150.71,7,4,2809.18,18.81,28.35,0,2023,10,3,3,Not Returned
0,female,india,returning,fashion,women clothing,freshmart,paypal,mobile,referral,standard,standard,east,autumn,no,Tuesday,4,57,63.81,2,5,6.38,8.29,4.23,133.76,5,3.2,326.79,37.86,50.64,0,2023,10,3,3,Returned
0,male,canada,new,fashion,shoes,apex,wallet,desktop,paid ads,standard,express,east,autumn,no,Tuesday,4,42,130.67,4,0,0,18.77,60.41,601.86,6,4.2,9841.38,24.91,149.92,1,2023,10,3,3,Not Returned
0,male,saudi arabia,returning,fashion,shoes,trendify,credit card,tablet,email,standard,standard,central,autumn,no,Wednesday,4,29,96.3,5,30,144.45,10.55,44.37,391.97,6,4,1749.02,19.44,76.2,1,2023,10,4,4,Not Returned
0,female,united states,loyal,books,fiction,ecolife,paypal,mobile,paid ads,silver,express,west,autumn,no,Wednesday,4,25,31.34,3,30,28.21,13.65,8.83,88.29,4,4.1,1140.36,19.82,17.5,0,2023,10,4,4,Not Returned
1,female,saudi arabia,returning,sports,equipment,valuemax,credit card,desktop,organic search,platinum,express,north,autumn,no,Wednesday,4,40,59.39,3,10,17.82,10.61,5.91,176.87,7,2.2,2434.12,16.19,28.64,0,2023,10,4,4,Returned
0,male,canada,returning,electronics,headphones,apex,paypal,tablet,paid ads,silver,standard,east,autumn,no,Wednesday,4,34,169.45,2,10,33.89,5.41,30.72,341.14,5,4.9,6173.92,11.33,38.65,0,2023,10,4,4,Not Returned
0,male,united states,new,electronics,headphones,quickcart,credit card,mobile,social media,silver,standard,west,autumn,no,Thursday,4,21,299.44,5,0,0,11.16,101.63,1609.99,4,5,16701.42,17.59,283.2,1,2023,10,5,5,Not Returned
0,male,india,premium,sports,equipment,nova,bank transfer,mobile,organic search,standard,standard,east,autumn,no,Thursday,4,23,157.81,1,20,31.56,5.36,9.81,141.42,7,3.9,1278.9,4.66,6.59,0,2023,10,5,5,Not Returned
0,female,united kingdom,returning,fashion,women clothing,trendify,debit card,desktop,email,standard,express,south,autumn,no,Friday,4,55,42.73,6,15,38.46,20.05,18.93,256.9,3,3.3,3654.62,20.52,52.72,0,2023,10,6,6,Returned
0,male,france,new,beauty,skincare,trendify,credit card,mobile,paid ads,silver,express,east,autumn,no,Friday,4,44,17.3,2,15,5.19,13.57,2.72,45.7,3,4.4,746.99,14.43,6.59,0,2023,10,6,6,Not Returned
1,male,uae,loyal,home & kitchen,furniture,apex,credit card,mobile,referral,standard,standard,north,autumn,yes,Friday,4,24,86.34,5,0,0,9.67,39.65,481.02,5,2.5,10180.37,25.9,124.58,1,2023,10,6,6,Returned
1,male,uae,returning,beauty,makeup,urbanco,bank transfer,tablet,direct,standard,standard,east,autumn,no,Friday,4,33,75.43,2,0,0,5.52,14.5,170.88,3,2.9,154.28,26.25,44.86,0,2023,10,6,6,Returned
0,male,canada,loyal,groceries,beverages,freshmart,debit card,mobile,email,standard,standard,south,autumn,no,Saturday,4,63,21.74,3,15,9.78,4.26,2.38,62.08,3,4.2,734.95,38.97,24.19,0,2023,10,7,7,Not Returned
0,female,uae,returning,fashion,shoes,ecolife,cash on delivery,mobile,organic search,standard,same day,west,autumn,no,Saturday,4,46,64.27,2,0,0,23.38,13.45,165.37,1,5,1383.94,22.98,38,0,2023,10,7,7,Not Returned
0,male,india,premium,home & kitchen,cookware,trendify,credit card,desktop,email,standard,standard,south,autumn,no,Sunday,4,35,94.87,2,0,0,4.56,7.32,201.62,5,4,4143.66,9.53,19.21,0,2023,10,8,1,Not Returned
0,male,saudi arabia,returning,fashion,bags,quickcart,credit card,desktop,direct,standard,standard,north,autumn,no,Sunday,4,31,119.96,6,25,179.94,11.57,72.95,624.34,7,3.9,9236.84,22.22,138.73,1,2023,10,8,1,Not Returned
1,male,canada,returning,sports,sportswear,freshmart,bank transfer,mobile,social media,standard,pickup,south,autumn,no,Monday,4,39,123.55,4,20,98.84,8.27,20.01,423.64,6,2.8,6054.67,17.39,73.67,1,2023,10,9,2,Returned
0,male,france,new,home & kitchen,cookware,nova,cash on delivery,mobile,referral,standard,same day,north,autumn,no,Wednesday,4,24,181.38,3,5,27.21,22.43,45.11,584.47,0,5,2362.54,30.04,175.57,1,2023,10,11,4,Not Returned
0,male,australia,returning,groceries,dairy,ecolife,bank transfer,mobile,referral,standard,standard,south,autumn,no,Wednesday,4,20,32.55,3,5,4.88,8.92,10.09,111.78,7,3.7,905.24,17.63,19.71,0,2023,10,11,4,Not Returned
0,male,germany,new,electronics,accessories,trendify,wallet,desktop,social media,platinum,same day,central,autumn,no,Thursday,4,40,386.67,2,0,0,14.25,90.87,878.46,4,4.5,12933.3,31.9,280.23,1,2023,10,12,5,Not Returned
0,male,france,premium,fashion,women clothing,zenith,paypal,desktop,referral,silver,standard,east,autumn,no,Thursday,4,39,53.01,2,20,21.2,7.3,4.01,96.13,7,3.5,2768.9,27.71,26.64,0,2023,10,12,5,Returned
0,male,canada,returning,sports,equipment,ecolife,bank transfer,mobile,direct,silver,standard,north,autumn,no,Friday,4,37,137.85,2,15,41.36,8.31,22.11,264.76,8,4.6,3343.51,12.3,32.57,0,2023,10,13,6,Not Returned
0,female,france,premium,fashion,men clothing,freshmart,cash on delivery,mobile,organic search,gold,pickup,north,autumn,no,Friday,4,39,64.05,3,15,28.82,5.21,14.49,183.03,6,4,3306.9,28.92,52.93,0,2023,10,13,6,Not Returned
0,female,saudi arabia,new,electronics,accessories,quickcart,wallet,desktop,paid ads,standard,standard,central,autumn,yes,Friday,4,50,465.15,2,30,279.09,1.51,38.02,690.74,3,3.7,6253.9,10.82,74.74,1,2023,10,13,6,Not Returned
0,female,united kingdom,loyal,fashion,bags,apex,bank transfer,tablet,paid ads,platinum,standard,south,autumn,no,Sunday,4,34,45.03,2,0,0,0,8.56,98.62,6,5,1088.62,25.99,25.63,0,2023,10,15,1,Not Returned
0,male,australia,returning,books,fiction,apex,wallet,desktop,paid ads,standard,standard,south,autumn,no,Sunday,4,47,33.86,3,40,40.63,5.25,8.91,75.11,6,3.7,20,10.04,7.54,0,2023,10,15,1,Not Returned
1,male,india,new,electronics,mobile,freshmart,debit card,mobile,social media,standard,standard,north,autumn,no,Sunday,4,21,239.11,3,0,0,5.19,63.78,786.3,9,2,10270.69,10.17,79.97,1,2023,10,15,1,Returned
0,female,saudi arabia,returning,groceries,beverages,primeplus,debit card,desktop,referral,silver,standard,north,autumn,no,Monday,4,25,17.52,2,35,12.26,4.29,2.79,29.86,7,4.3,437.05,21.01,6.27,0,2023,10,16,2,Not Returned
0,other,canada,new,toys,puzzles,primeplus,debit card,mobile,social media,standard,standard,west,autumn,no,Monday,4,60,24.45,2,20,9.78,8.14,5.59,52.85,7,3.2,599.75,14.26,7.54,0,2023,10,16,2,Returned
0,male,uae,premium,home & kitchen,decor,apex,credit card,desktop,organic search,standard,standard,central,autumn,no,Monday,4,37,158.92,3,10,47.68,9.01,34.65,472.74,3,4,8409.58,11.9,56.26,1,2023,10,16,2,Not Returned
0,male,pakistan,returning,electronics,headphones,zenith,cash on delivery,mobile,direct,standard,express,west,autumn,no,Monday,4,60,547.46,4,0,0,15.63,138.82,2344.29,3,4.9,16024.74,20.95,491.13,1,2023,10,16,2,Not Returned
0,female,united kingdom,premium,home & kitchen,cookware,quickcart,credit card,mobile,social media,standard,standard,north,autumn,no,Tuesday,4,49,119.8,3,5,17.97,5.86,39.12,386.41,4,3,9016.92,18.36,70.94,0,2023,10,17,3,Returned
0,female,france,loyal,groceries,snacks,valuemax,credit card,mobile,email,silver,express,central,autumn,no,Tuesday,4,34,22.28,4,40,35.65,19.39,3.77,76.63,3,3.4,1001.99,7.46,5.72,0,2023,10,17,3,Returned
0,female,canada,returning,groceries,beverages,primeplus,bank transfer,desktop,paid ads,standard,standard,south,autumn,no,Tuesday,4,43,24.62,4,35,34.47,7.26,11.01,82.28,3,3.8,1234.54,14.2,11.68,0,2023,10,17,3,Not Returned
0,female,canada,returning,beauty,skincare,nova,credit card,mobile,organic search,platinum,standard,north,autumn,no,Wednesday,4,38,40.94,4,0,0,4.51,13.45,181.72,5,4.5,870.08,30.47,55.37,0,2023,10,18,4,Not Returned
0,female,uae,loyal,toys,puzzles,trendify,wallet,tablet,paid ads,standard,standard,west,autumn,no,Wednesday,4,43,49.39,1,10,4.94,3.85,4.88,53.18,8,4.5,1191.81,19.75,10.5,0,2023,10,18,4,Not Returned
0,male,germany,new,electronics,accessories,urbanco,wallet,mobile,referral,standard,standard,west,autumn,no,Wednesday,4,28,275.16,4,5,55.03,5.89,51.94,1103.44,3,3.4,12312.55,31.94,352.44,1,2023,10,18,4,Returned
0,female,saudi arabia,returning,home & kitchen,cookware,primeplus,bank transfer,tablet,paid ads,silver,standard,north,autumn,no,Wednesday,4,24,171.7,6,15,154.53,10.56,82.67,968.9,9,3.2,13334.97,25.23,244.45,1,2023,10,18,4,Not Returned
0,female,united kingdom,returning,beauty,haircare,zenith,credit card,mobile,referral,silver,express,west,autumn,no,Thursday,4,35,70.97,2,40,56.78,16.24,15.34,116.74,5,3.7,1907.51,8.03,9.37,0,2023,10,19,5,Not Returned
1,female,united states,new,fashion,women clothing,ecolife,bank transfer,mobile,paid ads,gold,express,south,autumn,no,Friday,4,50,93.24,3,15,41.96,12,22.75,272.51,2,3.1,4502.73,39.26,106.99,0,2023,10,20,6,Returned
0,male,uae,new,groceries,snacks,quickcart,wallet,mobile,referral,standard,standard,north,autumn,no,Friday,4,18,18.96,7,20,26.54,8.56,15.24,129.98,5,4.6,489.71,25.23,32.79,0,2023,10,20,6,Not Returned
0,male,germany,returning,beauty,fragrance,ecolife,credit card,desktop,paid ads,standard,standard,west,autumn,no,Sunday,4,44,22.24,2,15,6.67,5.68,1.46,44.95,0,3.5,350.76,27.47,12.35,0,2023,10,22,1,Returned
0,male,saudi arabia,loyal,home & kitchen,decor,freshmart,credit card,mobile,referral,standard,express,north,autumn,no,Sunday,4,53,55.43,5,35,97,19.82,13.23,213.2,3,5,1189.45,21.8,46.48,0,2023,10,22,1,Not Returned
0,male,germany,returning,groceries,snacks,zenith,cash on delivery,mobile,social media,silver,express,central,autumn,no,Sunday,4,41,17.98,2,10,3.6,14.38,3.34,50.08,2,4.5,152.17,22.19,11.11,0,2023,10,22,1,Not Returned
0,male,pakistan,premium,groceries,dairy,zenith,credit card,mobile,email,standard,standard,west,autumn,no,Monday,4,22,18.9,3,20,11.34,13.24,5.89,64.49,9,3.6,2450.83,37.11,23.93,0,2023,10,23,2,Not Returned
0,female,germany,new,groceries,snacks,primeplus,debit card,mobile,paid ads,standard,express,south,autumn,yes,Monday,4,50,12.04,1,20,2.41,13.65,0.83,24.11,1,3.7,199.34,27.53,6.64,0,2023,10,23,2,Not Returned
1,female,india,returning,electronics,laptop,freshmart,credit card,mobile,paid ads,standard,pickup,south,autumn,no,Monday,4,24,690.2,1,0,0,4.19,38.53,732.92,4,3.7,11470.89,27.97,205,1,2023,10,23,2,Returned
1,male,france,returning,toys,action figures,zenith,bank transfer,desktop,email,standard,standard,north,autumn,no,Tuesday,4,42,78.04,2,10,15.61,5.97,18.07,164.51,8,4.8,1859.82,22.44,36.92,0,2023,10,24,3,Not Returned
0,male,australia,returning,home & kitchen,decor,quickcart,paypal,mobile,direct,gold,standard,west,autumn,no,Tuesday,4,56,157.58,5,0,0,8.57,46.35,842.82,5,4.1,5015.66,19.53,164.6,1,2023,10,24,3,Not Returned
0,male,australia,returning,beauty,fragrance,apex,paypal,mobile,paid ads,platinum,express,west,autumn,no,Tuesday,4,38,66.45,3,20,39.87,8.09,12.89,180.46,4,4.7,649.36,23.6,42.59,0,2023,10,24,3,Not Returned
0,male,india,new,electronics,accessories,freshmart,paypal,desktop,referral,gold,standard,west,autumn,no,Wednesday,4,46,326.52,4,10,130.61,4.9,133.79,1314.16,6,3.9,14277.98,6.31,82.92,1,2023,10,25,4,Not Returned
0,male,australia,returning,books,comics,valuemax,cash on delivery,mobile,organic search,standard,express,north,autumn,no,Wednesday,4,30,17.28,1,0,0,13.02,1.55,31.85,7,3.9,499.47,15.84,5.05,0,2023,10,25,4,Not Returned
0,female,pakistan,returning,sports,sportswear,valuemax,paypal,desktop,direct,standard,pickup,east,autumn,yes,Thursday,4,23,55.02,1,25,13.76,6.41,3.11,50.78,6,3.6,369.47,19.54,9.92,0,2023,10,26,5,Returned
0,female,germany,returning,books,comics,freshmart,credit card,mobile,referral,standard,standard,central,autumn,no,Thursday,4,28,29.49,3,0,0,7.34,9.02,104.83,7,4.2,300.43,18.24,19.12,0,2023,10,26,5,Not Returned
0,female,india,loyal,beauty,fragrance,nova,paypal,desktop,paid ads,standard,standard,east,autumn,no,Thursday,4,18,33.52,1,20,6.7,4.41,3.04,34.27,4,4.1,834.06,19.6,6.72,0,2023,10,26,5,Not Returned
0,male,united kingdom,new,groceries,beverages,apex,wallet,mobile,social media,silver,express,east,autumn,no,Friday,4,27,12.82,4,35,17.95,15.48,1.94,50.75,3,5,202.66,12.65,6.42,0,2023,10,27,6,Not Returned
0,male,united states,loyal,books,education,freshmart,cash on delivery,desktop,organic search,standard,standard,north,autumn,no,Saturday,4,22,19.73,2,10,3.95,5.91,4.52,45.94,4,4.4,1321.79,25.67,11.79,0,2023,10,28,7,Not Returned
0,female,saudi arabia,new,home & kitchen,decor,ecolife,credit card,desktop,paid ads,silver,standard,north,autumn,no,Saturday,4,40,256.65,2,0,0,4,32.1,549.4,5,3.9,8112.27,24.58,135.04,1,2023,10,28,7,Not Returned
0,female,india,returning,home & kitchen,furniture,primeplus,bank transfer,mobile,referral,standard,standard,south,autumn,yes,Saturday,4,35,141.69,5,0,0,10,38.82,757.27,4,4.1,6678.05,30.43,230.44,1,2023,10,28,7,Not Returned
0,female,canada,new,fashion,women clothing,freshmart,credit card,mobile,email,silver,express,south,autumn,no,Saturday,4,35,33.46,2,0,0,17.01,2.94,86.87,2,4.7,767.11,44.06,38.27,0,2023,10,28,7,Not Returned
0,female,united states,loyal,electronics,headphones,nova,debit card,mobile,email,standard,pickup,west,autumn,no,Sunday,4,40,282.09,1,10,28.21,6.95,33.8,294.63,5,3.6,6058.84,25.34,74.66,0,2023,10,29,1,Returned
0,male,pakistan,loyal,groceries,snacks,zenith,wallet,mobile,social media,standard,express,central,autumn,no,Sunday,4,38,10.92,2,20,4.37,16.18,0.84,34.49,6,4.8,622.62,23.85,8.23,0,2023,10,29,1,Not Returned
0,female,france,loyal,groceries,fresh produce,urbanco,wallet,tablet,referral,standard,standard,south,autumn,yes,Monday,4,27,19.36,8,20,30.98,13.59,16.97,154.46,7,5,3314.35,23.4,36.14,0,2023,10,30,2,Not Returned
0,male,canada,returning,toys,action figures,quickcart,debit card,mobile,email,silver,standard,central,autumn,no,Monday,4,47,61.9,1,0,0,6.29,3.64,71.83,7,4,929.16,7.97,5.72,0,2023,10,30,2,Not Returned
0,male,australia,returning,home & kitchen,furniture,zenith,wallet,desktop,social media,standard,express,north,autumn,no,Monday,4,48,238.48,3,5,35.77,15.23,81.04,775.94,1,4.7,14627.49,13.88,107.7,1,2023,10,30,2,Not Returned
0,male,australia,returning,beauty,fragrance,urbanco,cash on delivery,mobile,email,silver,same day,south,autumn,no,Monday,4,43,48.37,4,0,0,24.79,13.34,231.61,0,4,4115.72,20.27,46.95,0,2023,10,30,2,Not Returned
0,female,united kingdom,loyal,fashion,men clothing,ecolife,wallet,mobile,referral,standard,pickup,east,autumn,no,Monday,4,25,64.18,4,30,77.02,9.16,19.36,208.22,6,3.5,990.9,9.25,19.26,0,2023,10,30,2,Returned
0,male,australia,premium,toys,puzzles,ecolife,paypal,desktop,direct,standard,express,central,autumn,no,Tuesday,4,44,38.81,4,35,54.33,14.31,14.21,129.43,3,4.3,2207.78,6.23,8.06,0,2023,10,31,3,Not Returned
0,male,uae,premium,groceries,fresh produce,freshmart,cash on delivery,mobile,email,silver,express,south,autumn,yes,Tuesday,4,41,22.67,3,30,20.4,13.28,5.69,66.58,2,3.7,1348.07,28.33,18.86,0,2023,10,31,3,Not Returned
0,female,saudi arabia,new,home & kitchen,furniture,trendify,bank transfer,mobile,paid ads,standard,standard,west,autumn,yes,Wednesday,4,27,102.73,3,20,61.64,3.95,35.42,285.92,9,3.7,5847.14,19.83,56.7,0,2023,11,1,4,Not Returned
0,male,india,loyal,fashion,men clothing,valuemax,paypal,mobile,social media,standard,express,central,autumn,yes,Wednesday,4,54,40.29,1,40,16.12,9.72,2.48,36.37,2,3.8,1759.34,28.04,10.2,0,2023,11,1,4,Not Returned
0,female,united kingdom,new,sports,equipment,ecolife,debit card,desktop,direct,standard,standard,west,autumn,no,Wednesday,4,27,95.65,4,0,0,10.31,18.69,411.6,6,4.7,3907.06,17.6,72.44,1,2023,11,1,4,Not Returned
0,male,saudi arabia,returning,groceries,dairy,nova,bank transfer,desktop,direct,standard,same day,central,autumn,no,Thursday,4,65,9.97,3,20,5.98,20.49,2.44,46.86,2,3.2,346.66,31.07,14.56,0,2023,11,2,5,Returned
0,female,india,loyal,electronics,headphones,primeplus,debit card,mobile,referral,standard,express,north,autumn,no,Thursday,4,49,447.85,5,15,335.89,16.18,263.93,2183.47,5,3.4,30316.04,19.37,422.94,1,2023,11,2,5,Returned
0,female,united states,loyal,books,comics,quickcart,bank transfer,desktop,referral,standard,standard,west,autumn,yes,Thursday,4,54,31.88,6,0,0,8.1,13.2,212.58,1,4,1603.05,11,23.38,0,2023,11,2,5,Not Returned
0,male,canada,returning,beauty,makeup,urbanco,paypal,tablet,organic search,silver,standard,east,autumn,no,Thursday,4,40,41.2,2,30,24.72,10.18,6.12,73.98,5,3.3,1473.91,9.54,7.06,0,2023,11,2,5,Returned
0,female,germany,loyal,fashion,shoes,apex,cash on delivery,tablet,organic search,silver,standard,central,autumn,yes,Thursday,4,58,73.78,9,5,33.2,13.62,43.92,688.36,7,4.6,5245.01,40.22,276.86,1,2023,11,2,5,Not Returned
0,female,india,returning,home & kitchen,cookware,ecolife,credit card,desktop,email,silver,standard,central,autumn,no,Friday,4,44,65.21,2,35,45.65,7.45,9.27,101.49,2,3.2,1106.5,28.6,29.03,0,2023,11,3,6,Returned
0,female,saudi arabia,loyal,groceries,beverages,valuemax,wallet,desktop,referral,standard,standard,east,autumn,yes,Saturday,4,35,14.81,2,5,1.48,2.91,1.27,32.32,8,4.5,1149.96,9.47,3.06,0,2023,11,4,7,Not Returned
0,female,united kingdom,loyal,fashion,women clothing,nova,wallet,mobile,organic search,standard,standard,central,autumn,no,Sunday,4,53,48.84,4,5,9.77,12.34,8.35,206.28,3,4.4,2589.26,22,45.38,0,2023,11,5,1,Not Returned
0,male,saudi arabia,returning,electronics,accessories,ecolife,credit card,mobile,direct,standard,standard,central,autumn,no,Sunday,4,37,188.81,1,15,28.32,5.93,13.99,180.41,8,3.4,1501.1,19.63,35.41,0,2023,11,5,1,Returned
0,female,canada,returning,home & kitchen,decor,nova,credit card,mobile,direct,silver,express,north,autumn,yes,Sunday,4,42,131.41,3,15,59.13,16.09,12.67,363.86,2,4,6517.49,28.47,103.59,0,2023,11,5,1,Not Returned
0,female,saudi arabia,returning,electronics,mobile,quickcart,credit card,desktop,organic search,silver,standard,central,autumn,yes,Sunday,4,31,354.51,4,15,212.71,7.56,152.74,1365.63,5,4.5,20304.84,18.53,253.05,1,2023,11,5,1,Not Returned
0,male,france,returning,fashion,men clothing,primeplus,debit card,desktop,direct,standard,express,south,autumn,yes,Sunday,4,42,48.23,3,10,14.47,14.07,14.94,159.23,3,4.3,1646.32,23.93,38.1,0,2023,11,5,1,Not Returned
0,female,australia,returning,fashion,women clothing,zenith,credit card,desktop,direct,standard,standard,south,autumn,yes,Monday,4,41,47.74,2,25,23.87,4.34,11.4,87.35,3,2.8,493.38,19.25,16.81,0,2023,11,6,2,Returned
0,female,india,loyal,fashion,women clothing,trendify,credit card,desktop,paid ads,silver,standard,east,autumn,no,Monday,4,40,42.34,4,15,25.4,5.45,12.98,162.39,6,3.9,1050.91,30.68,49.82,0,2023,11,6,2,Not Returned
0,male,united kingdom,loyal,sports,sportswear,valuemax,bank transfer,mobile,referral,standard,same day,east,autumn,yes,Monday,4,41,82.85,2,20,33.14,21.94,8.53,163.03,0,4.6,2332.85,16.24,26.48,0,2023,11,6,2,Not Returned
0,male,australia,new,sports,sportswear,trendify,bank transfer,desktop,organic search,standard,standard,south,autumn,yes,Monday,4,35,104.89,3,15,47.2,5.81,14.63,287.91,3,4.5,4838.38,13.96,40.19,0,2023,11,6,2,Not Returned
0,male,australia,premium,fashion,shoes,ecolife,credit card,mobile,social media,standard,standard,north,autumn,no,Monday,4,22,60.78,5,15,45.58,10.65,18.16,287.13,3,5,5455.35,27.04,77.64,0,2023,11,6,2,Not Returned
0,male,canada,new,fashion,men clothing,nova,debit card,mobile,email,silver,express,north,autumn,no,Tuesday,4,24,58.58,2,15,17.57,12.5,9.22,121.31,3,3.8,2512.46,45.35,55.01,0,2023,11,7,3,Not Returned
0,male,saudi arabia,premium,electronics,mobile,apex,paypal,desktop,organic search,standard,same day,west,autumn,yes,Tuesday,4,32,477.99,4,10,191.2,25.14,136,1881.9,3,5,36460.28,10.4,195.72,1,2023,11,7,3,Not Returned
0,male,australia,new,fashion,shoes,quickcart,debit card,mobile,email,standard,same day,north,autumn,no,Wednesday,4,38,74.24,1,15,11.14,22.17,6.38,91.65,1,4.4,187.77,30.48,27.93,0,2023,11,8,4,Not Returned
0,female,uae,returning,books,fiction,primeplus,bank transfer,desktop,direct,standard,standard,central,autumn,no,Wednesday,4,26,40.71,4,20,32.57,6.28,8.15,144.7,4,3.9,1217.39,20.79,30.08,0,2023,11,8,4,Not Returned
1,female,pakistan,returning,beauty,skincare,quickcart,paypal,mobile,email,standard,standard,north,autumn,yes,Wednesday,4,49,53.33,1,0,0,4.51,5.97,63.81,7,3.4,24.17,19.61,12.51,0,2023,11,8,4,Returned
1,male,uae,new,home & kitchen,cookware,quickcart,debit card,mobile,referral,silver,pickup,central,autumn,no,Thursday,4,25,154.29,4,0,0,14.19,48.78,680.13,5,3,6394.66,27.86,189.48,1,2023,11,9,5,Returned
0,male,saudi arabia,returning,electronics,accessories,zenith,wallet,mobile,paid ads,gold,pickup,west,autumn,yes,Thursday,4,25,511.77,1,15,76.77,0,59.79,494.79,8,4,2711.03,7.56,37.41,1,2023,11,9,5,Not Returned
0,female,uae,returning,groceries,beverages,quickcart,cash on delivery,desktop,social media,standard,express,east,autumn,yes,Thursday,4,29,34.79,3,0,0,16.57,7.92,128.86,3,3.9,471.69,11.8,15.21,0,2023,11,9,5,Not Returned
0,male,canada,new,electronics,headphones,urbanco,cash on delivery,desktop,email,standard,express,south,autumn,yes,Friday,4,33,252.78,1,10,25.28,10.28,15.8,253.58,2,3.4,1073.74,27.11,68.75,0,2023,11,10,6,Returned
0,female,canada,loyal,electronics,laptop,valuemax,debit card,mobile,organic search,platinum,same day,east,autumn,no,Saturday,4,25,540.18,5,5,135.04,20.72,292.48,2879.06,0,3.5,34138.31,3,86.37,1,2023,11,11,7,Not Returned
0,female,united states,new,home & kitchen,furniture,nova,paypal,desktop,direct,standard,pickup,west,autumn,no,Sunday,4,52,133.15,2,0,0,3.85,8.18,278.33,4,5,1847.63,20.86,58.06,0,2023,11,12,1,Not Returned
0,female,india,returning,beauty,makeup,primeplus,debit card,mobile,organic search,standard,same day,north,autumn,yes,Monday,4,28,26.27,2,10,5.25,21.98,3.15,72.42,5,3.8,821.37,26.64,19.29,0,2023,11,13,2,Not Returned
0,male,india,returning,fashion,bags,primeplus,bank transfer,desktop,direct,standard,standard,south,autumn,yes,Monday,4,32,112.59,4,10,45.04,11,33.23,449.55,7,4.5,6261.4,25.68,115.44,1,2023,11,13,2,Not Returned
0,female,france,loyal,fashion,men clothing,quickcart,credit card,desktop,direct,silver,express,east,autumn,yes,Monday,4,43,71.98,1,0,0,14.08,2.84,88.9,5,4.8,1903.35,27.98,24.87,0,2023,11,13,2,Not Returned
0,female,united kingdom,returning,fashion,women clothing,ecolife,debit card,mobile,social media,standard,standard,north,autumn,yes,Monday,4,49,49.67,5,0,0,13.61,11.52,273.48,2,4.2,758.04,20.12,55.02,0,2023,11,13,2,Not Returned
0,male,united states,new,books,comics,nova,cash on delivery,desktop,email,silver,standard,south,autumn,yes,Monday,4,56,24.19,1,0,0,4.27,2.64,31.1,9,3.8,20,24.67,7.67,0,2023,11,13,2,Not Returned
0,female,uae,new,fashion,women clothing,apex,wallet,desktop,direct,gold,same day,south,autumn,no,Monday,4,27,87.32,2,15,26.2,15.26,16.08,179.78,0,4.8,1736.01,28.72,51.63,0,2023,11,13,2,Not Returned
1,male,canada,loyal,books,non-fiction,quickcart,bank transfer,mobile,referral,gold,express,central,autumn,no,Monday,4,48,19.16,2,15,5.75,9.9,2.72,45.19,1,3.8,993.68,14.27,6.45,0,2023,11,13,2,Not Returned
0,male,germany,new,electronics,headphones,urbanco,wallet,mobile,organic search,silver,standard,north,autumn,no,Monday,4,31,265.79,3,5,39.87,9.12,53.11,819.73,6,3.9,12071.46,18.08,148.21,1,2023,11,13,2,Not Returned
0,female,canada,premium,groceries,snacks,quickcart,wallet,desktop,direct,gold,express,west,autumn,no,Tuesday,4,35,11.6,3,30,10.44,8.83,1.36,34.55,1,4.9,1771.98,11.32,3.91,0,2023,11,14,3,Not Returned
0,male,france,returning,sports,outdoor,valuemax,debit card,mobile,paid ads,silver,standard,west,autumn,yes,Tuesday,4,26,77.51,5,10,38.76,9.4,15.55,373.74,5,3.6,1862.89,21.16,79.08,0,2023,11,14,3,Returned
0,female,united kingdom,new,beauty,fragrance,apex,debit card,mobile,organic search,gold,same day,west,autumn,no,Tuesday,4,40,33.72,3,10,10.12,21.61,7.75,120.4,2,5,1155.22,20.37,24.53,0,2023,11,14,3,Not Returned
0,male,australia,returning,groceries,dairy,urbanco,credit card,mobile,direct,standard,standard,north,autumn,no,Tuesday,4,38,22.27,2,10,4.45,5.06,3.2,48.35,4,4.5,544.51,16.98,8.21,0,2023,11,14,3,Not Returned
0,male,united kingdom,returning,electronics,laptop,valuemax,paypal,mobile,social media,gold,same day,central,autumn,no,Wednesday,4,21,500.52,4,10,200.21,21.04,159.48,1982.39,0,4.3,36869.65,21.51,426.41,1,2023,11,15,4,Not Returned
0,male,india,returning,fashion,men clothing,freshmart,bank transfer,mobile,direct,standard,express,east,autumn,yes,Wednesday,4,33,47.82,4,15,28.69,20.47,9.66,192.72,3,3.5,3028.7,21.03,40.53,0,2023,11,15,4,Returned
0,female,united states,loyal,fashion,bags,primeplus,bank transfer,desktop,direct,gold,express,west,autumn,yes,Thursday,4,30,73.29,3,20,43.97,15.11,15.2,206.21,4,4.7,2430.05,15.98,32.95,0,2023,11,16,5,Not Returned
1,female,france,returning,toys,action figures,urbanco,credit card,mobile,email,gold,express,north,autumn,no,Friday,4,54,32.08,3,0,0,11.01,9.79,117.04,2,2.9,1965.73,30.66,35.88,0,2023,11,17,6,Returned
0,male,united kingdom,loyal,fashion,men clothing,ecolife,paypal,desktop,email,gold,standard,south,autumn,no,Saturday,4,45,31.83,3,10,9.55,3.11,5.38,94.43,3,3.3,1727.67,25.32,23.91,0,2023,11,18,7,Returned
1,male,uae,returning,electronics,headphones,nova,credit card,desktop,social media,standard,same day,south,autumn,no,Saturday,4,43,477.71,5,10,238.85,24.34,228.56,2402.6,3,4,36988.36,5.33,128.06,1,2023,11,18,7,Returned
0,female,canada,returning,electronics,mobile,nova,credit card,desktop,direct,standard,standard,west,autumn,yes,Saturday,4,49,329.08,4,0,0,9.23,119.92,1445.47,8,4.7,15456.84,20.14,291.12,1,2023,11,18,7,Not Returned
0,male,canada,new,toys,puzzles,zenith,wallet,desktop,social media,standard,standard,central,autumn,yes,Saturday,4,49,49.73,2,0,0,6.97,10.89,117.32,5,5,1895.62,23.19,27.21,0,2023,11,18,7,Not Returned
0,male,france,loyal,beauty,makeup,trendify,debit card,mobile,referral,gold,standard,east,autumn,yes,Sunday,4,27,37.84,3,25,28.38,3.75,5.57,94.46,8,4.5,2780.04,15.09,14.25,0,2023,11,19,1,Not Returned
0,male,pakistan,new,groceries,fresh produce,trendify,credit card,mobile,direct,gold,same day,east,autumn,yes,Sunday,4,48,17.48,2,5,1.75,16.54,1.5,51.25,2,5,706.29,26.17,13.41,0,2023,11,19,1,Not Returned
0,male,france,new,fashion,shoes,valuemax,cash on delivery,mobile,organic search,gold,express,south,autumn,yes,Sunday,4,57,158.47,3,5,23.77,11.52,42.33,505.49,6,4.4,9340.85,34.97,176.77,1,2023,11,19,1,Not Returned
0,female,pakistan,premium,fashion,women clothing,nova,paypal,tablet,referral,standard,express,east,autumn,no,Sunday,4,37,51.53,3,10,15.46,14.71,7.86,161.7,7,3.4,3516.39,18.25,29.51,0,2023,11,19,1,Returned
0,female,germany,new,toys,board games,freshmart,cash on delivery,desktop,direct,standard,standard,south,autumn,yes,Sunday,4,26,48.82,3,5,7.32,6.78,7.98,153.9,3,4.5,2114.08,22.16,34.1,0,2023,11,19,1,Not Returned
0,female,saudi arabia,premium,toys,educational,quickcart,credit card,mobile,direct,standard,standard,south,autumn,yes,Monday,4,37,13.08,3,15,5.89,8.5,2.12,43.97,8,4.6,1435.73,16.92,7.44,0,2023,11,20,2,Not Returned
0,female,pakistan,new,fashion,women clothing,nova,credit card,desktop,paid ads,silver,express,east,autumn,no,Monday,4,46,41.26,2,15,12.38,13.34,4.17,87.65,0,3.9,875.33,16.14,14.15,0,2023,11,20,2,Not Returned
0,female,united states,loyal,fashion,men clothing,trendify,bank transfer,mobile,referral,platinum,standard,central,autumn,no,Monday,4,18,143.04,6,15,128.74,6,61.5,797,7,5,13759.44,20.73,165.22,1,2023,11,20,2,Not Returned
0,male,canada,returning,books,non-fiction,urbanco,bank transfer,mobile,social media,silver,express,south,autumn,yes,Monday,4,27,25.78,2,5,2.58,13.4,5.27,67.65,4,4.8,441.34,9.19,6.22,0,2023,11,20,2,Not Returned
0,male,saudi arabia,loyal,toys,action figures,apex,bank transfer,desktop,organic search,standard,pickup,west,autumn,no,Wednesday,4,22,28.69,3,15,12.91,10.07,6.61,89.84,7,3.7,1611.95,11.01,9.89,0,2023,11,22,4,Not Returned
0,male,uae,new,electronics,mobile,urbanco,wallet,mobile,social media,standard,express,south,autumn,yes,Thursday,4,54,485.73,1,15,72.86,11.84,32.58,457.29,5,4.7,6822.93,12.47,57.02,1,2023,11,23,5,Not Returned
0,female,united states,new,electronics,accessories,zenith,credit card,mobile,paid ads,standard,same day,west,autumn,yes,Thursday,4,40,568.18,4,5,113.64,20.93,236.07,2416.08,1,4.5,29205.09,27.92,674.57,1,2023,11,23,5,Not Returned
0,male,india,new,books,education,valuemax,paypal,mobile,direct,standard,same day,central,autumn,yes,Friday,4,52,15.06,2,30,9.04,22.21,3.43,46.72,3,3,440.76,20.58,9.61,0,2023,11,24,6,Returned
0,female,pakistan,premium,sports,outdoor,primeplus,cash on delivery,mobile,paid ads,standard,standard,west,autumn,yes,Saturday,4,30,54.3,1,5,2.72,3.89,6.32,61.79,4,3,1874.23,25.7,15.88,0,2023,11,25,7,Returned
0,female,saudi arabia,new,sports,outdoor,nova,bank transfer,mobile,social media,silver,standard,east,autumn,yes,Sunday,4,33,130.1,3,10,39.03,9.44,28.43,389.14,8,5,2183.18,27.24,106,1,2023,11,26,1,Not Returned
0,female,australia,loyal,groceries,snacks,zenith,cash on delivery,mobile,social media,standard,standard,south,autumn,no,Sunday,4,51,24.35,1,5,1.22,7.83,1.4,32.36,6,3.9,857.79,33.7,10.91,0,2023,11,26,1,Not Returned
0,female,uae,returning,toys,puzzles,nova,paypal,mobile,organic search,gold,standard,east,autumn,no,Sunday,4,37,43.99,2,0,0,3.26,4.58,95.82,7,4.2,1554.93,12.87,12.33,0,2023,11,26,1,Not Returned
0,male,united kingdom,premium,electronics,accessories,primeplus,credit card,mobile,email,silver,pickup,west,autumn,no,Monday,4,27,680.21,2,20,272.08,7.87,137.13,1233.34,6,4,22041.56,20.24,249.63,1,2023,11,27,2,Not Returned
0,male,australia,loyal,books,fiction,zenith,credit card,desktop,paid ads,standard,express,central,autumn,no,Tuesday,4,42,16.14,1,10,1.61,12.33,1.73,28.59,4,4.2,923.59,20.44,5.84,0,2023,11,28,3,Not Returned
1,male,germany,new,fashion,shoes,urbanco,cash on delivery,desktop,social media,platinum,same day,east,autumn,yes,Tuesday,4,36,66.72,4,20,53.38,17.98,11.59,243.07,0,4.5,3034.74,29.91,72.7,0,2023,11,28,3,Not Returned
0,male,saudi arabia,premium,fashion,bags,freshmart,paypal,mobile,social media,gold,standard,west,autumn,yes,Tuesday,4,29,82.84,5,25,103.55,6.25,21.17,338.07,10,4.8,2386.87,26.77,90.5,0,2023,11,28,3,Not Returned
0,female,united states,returning,toys,board games,primeplus,cash on delivery,mobile,referral,standard,standard,central,autumn,no,Wednesday,4,27,40.56,2,15,12.17,4.88,7.37,81.2,7,4,1524.54,18.12,14.71,0,2023,11,29,4,Not Returned
0,female,india,returning,home & kitchen,decor,primeplus,debit card,desktop,organic search,silver,pickup,north,autumn,yes,Wednesday,4,35,82.3,2,0,0,5.13,11.99,181.72,5,4.1,1767.87,7.13,12.96,0,2023,11,29,4,Not Returned
0,female,australia,returning,beauty,fragrance,nova,bank transfer,mobile,referral,standard,standard,south,autumn,yes,Wednesday,4,54,36.71,4,30,44.05,5.02,7.92,115.73,4,3.6,763.15,13.88,16.06,0,2023,11,29,4,Returned
0,female,australia,returning,fashion,men clothing,apex,bank transfer,desktop,email,standard,standard,north,autumn,no,Thursday,4,38,43.42,4,0,0,9.5,9.78,192.96,6,3.7,3407.71,26.84,51.79,0,2023,11,30,5,Not Returned
0,male,uae,loyal,home & kitchen,appliances,trendify,cash on delivery,mobile,social media,standard,express,east,autumn,yes,Thursday,4,32,269.79,2,10,53.96,12.29,32.31,530.22,2,4.5,2108.88,8.56,45.39,1,2023,11,30,5,Not Returned
1,male,france,premium,electronics,headphones,quickcart,cash on delivery,mobile,email,standard,standard,south,winter,no,Friday,4,34,744.22,2,10,148.84,3.69,136.44,1479.73,4,2.7,14530.69,24.06,356.02,1,2023,12,1,6,Returned
0,female,france,new,groceries,fresh produce,zenith,wallet,desktop,direct,silver,standard,central,winter,yes,Friday,4,18,17.98,3,0,0,10.74,1.69,66.37,4,3.8,354.23,20.14,13.37,0,2023,12,1,6,Not Returned
0,male,united kingdom,loyal,electronics,laptop,nova,paypal,mobile,organic search,standard,same day,north,winter,yes,Saturday,4,29,434.48,2,5,43.45,21.63,42,889.14,0,4.6,8684.38,26.15,232.51,1,2023,12,2,7,Not Returned
0,female,australia,loyal,fashion,shoes,freshmart,bank transfer,desktop,referral,silver,standard,central,winter,no,Saturday,4,45,143.73,2,20,57.49,7.89,14.89,252.75,3,3.9,5532.25,12.37,31.27,0,2023,12,2,7,Not Returned
0,female,saudi arabia,loyal,groceries,snacks,valuemax,credit card,mobile,paid ads,gold,standard,central,winter,no,Saturday,4,19,31.3,1,10,3.13,0.74,3.17,32.08,3,4.2,687.47,16.2,5.2,0,2023,12,2,7,Not Returned
0,female,pakistan,loyal,groceries,beverages,nova,credit card,desktop,paid ads,standard,standard,west,winter,no,Saturday,4,45,30.92,1,10,3.09,4.28,2.02,34.13,10,4.1,1015.57,20.45,6.98,0,2023,12,2,7,Not Returned
0,female,france,returning,fashion,women clothing,nova,paypal,desktop,referral,gold,standard,central,winter,no,Sunday,4,39,34.06,2,35,23.84,2.43,6.95,53.66,8,5,368.29,22.99,12.34,0,2023,12,3,1,Not Returned
0,female,india,returning,groceries,fresh produce,freshmart,paypal,desktop,referral,silver,standard,west,winter,yes,Sunday,4,37,24.22,3,0,0,8.58,2.28,83.52,7,4.5,253.33,21.56,18.01,0,2023,12,3,1,Not Returned
0,male,united kingdom,loyal,fashion,bags,valuemax,cash on delivery,desktop,organic search,standard,standard,west,winter,no,Sunday,4,41,51.6,4,0,0,10.51,6.8,223.71,3,3.5,1698.71,32.75,73.27,0,2023,12,3,1,Returned
0,male,saudi arabia,returning,home & kitchen,cookware,quickcart,cash on delivery,mobile,social media,standard,same day,central,winter,no,Monday,4,38,73.01,4,5,14.6,23.88,12.89,314.21,0,4.3,5518.07,25.69,80.72,0,2023,12,4,2,Not Returned
0,male,saudi arabia,new,electronics,laptop,quickcart,cash on delivery,desktop,organic search,silver,standard,east,winter,no,Monday,4,23,484.32,1,15,72.65,5.03,57.09,473.79,5,3.7,2473.26,16.32,77.32,1,2023,12,4,2,Not Returned
0,male,france,returning,fashion,shoes,urbanco,wallet,mobile,social media,silver,standard,south,winter,no,Monday,4,25,92.9,2,5,9.29,5.32,7.88,189.71,2,4.7,694.05,18.34,34.79,0,2023,12,4,2,Not Returned
1,female,united kingdom,loyal,groceries,dairy,valuemax,credit card,tablet,referral,silver,standard,central,winter,yes,Monday,4,22,15.87,3,10,4.76,5.55,3.68,52.08,8,3,701.06,9.82,5.11,0,2023,12,4,2,Returned
0,female,united kingdom,returning,groceries,beverages,trendify,wallet,mobile,social media,gold,standard,central,winter,yes,Monday,4,42,25.07,2,0,0,4.31,5.5,59.95,8,4.1,71.4,41.25,24.73,0,2023,12,4,2,Not Returned
0,female,germany,returning,sports,equipment,ecolife,paypal,mobile,email,silver,standard,west,winter,no,Monday,4,37,120.07,3,0,0,5.63,12.22,378.06,6,4.7,5347.97,32.71,123.66,0,2023,12,4,2,Not Returned
0,female,australia,returning,groceries,fresh produce,valuemax,bank transfer,mobile,paid ads,standard,standard,north,winter,yes,Tuesday,4,54,17.29,2,0,0,4.39,2.96,41.93,5,5,491.47,24.79,10.39,0,2023,12,5,3,Not Returned
1,female,pakistan,new,home & kitchen,furniture,apex,credit card,mobile,referral,silver,same day,south,winter,yes,Tuesday,4,34,90.35,3,5,13.55,19.51,20.34,297.35,1,2.5,5657.4,21.87,65.03,0,2023,12,5,3,Returned
0,female,france,loyal,electronics,accessories,ecolife,paypal,mobile,referral,standard,standard,south,winter,no,Tuesday,4,51,414.55,2,0,0,6.73,53.64,889.47,2,4.1,12724.21,12.42,110.47,1,2023,12,5,3,Not Returned
0,female,canada,returning,beauty,makeup,trendify,bank transfer,desktop,organic search,standard,express,north,winter,yes,Tuesday,4,30,31.22,5,10,15.61,17.12,14.65,172.26,2,4.8,2746.7,29.91,51.52,0,2023,12,5,3,Not Returned
0,male,saudi arabia,returning,fashion,men clothing,trendify,debit card,mobile,social media,standard,standard,central,winter,yes,Tuesday,4,64,52.99,4,20,42.39,11.28,21.4,202.25,8,3.9,3411.73,30.13,60.94,0,2023,12,5,3,Not Returned
0,female,canada,premium,electronics,headphones,quickcart,wallet,mobile,organic search,silver,standard,south,winter,yes,Wednesday,4,51,171.65,2,20,68.66,9.35,25.32,309.31,6,4.6,5783.52,13.33,41.23,0,2023,12,6,4,Not Returned
0,female,canada,new,electronics,mobile,valuemax,paypal,mobile,social media,platinum,standard,west,winter,yes,Friday,4,33,375.35,2,10,75.07,2.89,63.58,742.1,0,3.9,1896.76,15.1,112.06,1,2023,12,8,6,Not Returned
0,male,united states,loyal,toys,board games,nova,wallet,mobile,paid ads,standard,standard,west,winter,no,Saturday,4,21,46.21,5,15,34.66,11.46,22.59,230.44,2,4.6,3680.33,29.27,67.45,0,2023,12,9,7,Not Returned
0,male,canada,returning,home & kitchen,decor,urbanco,wallet,tablet,paid ads,silver,express,north,winter,yes,Saturday,4,18,74.28,6,0,0,20.96,36,502.64,0,3.7,1057.12,18.56,93.29,1,2023,12,9,7,Not Returned
0,male,canada,premium,groceries,beverages,quickcart,wallet,desktop,organic search,silver,express,south,winter,no,Saturday,4,33,37.67,3,10,11.3,11.54,8.65,121.9,4,4.8,2606.57,17.04,20.77,0,2023,12,9,7,Not Returned
0,male,pakistan,loyal,toys,puzzles,valuemax,paypal,mobile,social media,silver,express,central,winter,no,Saturday,4,42,25.38,1,5,1.27,12.31,2.59,39.01,4,4.7,1633.71,28.38,11.07,0,2023,12,9,7,Not Returned
0,female,canada,new,home & kitchen,appliances,nova,cash on delivery,mobile,paid ads,gold,standard,north,winter,yes,Saturday,4,36,188.58,5,25,235.73,5.47,60.51,773.15,6,3,7740.99,10.56,81.64,1,2023,12,9,7,Returned
0,female,france,loyal,groceries,beverages,trendify,cash on delivery,desktop,direct,standard,standard,east,winter,yes,Monday,4,55,39.61,2,20,15.84,9.54,5.29,78.21,6,4.7,1110.76,22.79,17.82,0,2023,12,11,2,Not Returned
1,female,united kingdom,loyal,home & kitchen,cookware,trendify,paypal,desktop,social media,standard,standard,north,winter,yes,Monday,4,52,88.77,6,15,79.89,16.97,32.16,501.86,5,3.1,4206.27,27.32,137.11,1,2023,12,11,2,Returned
0,male,united states,returning,fashion,shoes,nova,paypal,mobile,email,standard,standard,north,winter,yes,Tuesday,4,60,57.09,2,20,22.84,6.28,8.9,106.52,8,4.1,2263.4,3.21,3.42,0,2023,12,12,3,Not Returned
1,female,saudi arabia,returning,toys,educational,quickcart,cash on delivery,mobile,social media,silver,express,central,winter,yes,Tuesday,4,69,39.79,3,25,29.84,11.3,11.02,111.85,3,2.8,526.1,20.41,22.83,0,2023,12,12,3,Returned
0,female,australia,returning,books,fiction,ecolife,debit card,desktop,social media,gold,standard,east,winter,yes,Tuesday,4,31,19.55,1,10,1.96,3.94,1.44,22.97,4,4.9,148.3,27.42,6.3,0,2023,12,12,3,Not Returned
0,male,united kingdom,new,groceries,fresh produce,urbanco,wallet,mobile,email,standard,standard,north,winter,no,Tuesday,4,21,27.02,3,0,0,8.84,4.62,94.52,6,4.9,1844.2,20.91,19.76,0,2023,12,12,3,Not Returned
1,male,france,new,home & kitchen,decor,valuemax,bank transfer,desktop,email,silver,same day,south,winter,yes,Tuesday,4,42,222.76,2,0,0,21.84,36.03,503.39,0,2.2,5211.71,13.13,66.1,1,2023,12,12,3,Returned
0,male,pakistan,premium,electronics,headphones,zenith,bank transfer,mobile,paid ads,silver,express,central,winter,yes,Tuesday,4,47,288.51,4,0,0,15.05,47.6,1216.69,5,4.4,19578.46,8.31,101.11,1,2023,12,12,3,Not Returned
0,female,canada,premium,home & kitchen,decor,apex,bank transfer,mobile,paid ads,standard,express,south,winter,yes,Wednesday,4,18,176.9,3,20,106.14,13.1,43.46,481.12,2,4.6,8683.32,25.22,121.34,1,2023,12,13,4,Not Returned
0,male,canada,premium,groceries,dairy,apex,cash on delivery,desktop,email,standard,express,central,winter,yes,Wednesday,4,29,11.78,5,10,5.89,18.93,4.28,76.22,1,4.2,1620.31,23.54,17.94,0,2023,12,13,4,Not Returned
0,female,saudi arabia,premium,electronics,accessories,ecolife,wallet,desktop,referral,standard,standard,east,winter,no,Wednesday,4,35,915.12,4,0,0,8.83,306.88,3976.19,8,2.8,50000,19.65,781.32,1,2023,12,13,4,Returned
0,female,united states,loyal,fashion,shoes,urbanco,paypal,desktop,referral,standard,standard,central,winter,yes,Thursday,4,50,76.62,3,0,0,5.53,26.37,261.76,7,5,2033.83,33.91,88.76,0,2023,12,14,5,Not Returned
0,female,canada,returning,sports,equipment,primeplus,cash on delivery,mobile,paid ads,gold,standard,north,winter,yes,Friday,4,30,33.6,1,5,1.68,5.47,3.82,41.21,8,4.8,690,16.39,6.75,0,2023,12,15,6,Not Returned
0,female,australia,returning,sports,fitness,primeplus,paypal,mobile,organic search,standard,express,central,winter,yes,Saturday,4,30,39.53,4,15,23.72,14.74,17.98,167.12,8,3.6,1463.07,11.87,19.84,0,2023,12,16,7,Returned
0,male,saudi arabia,new,fashion,shoes,quickcart,wallet,tablet,paid ads,silver,pickup,east,winter,yes,Saturday,4,43,80.09,4,10,32.04,7.98,36.4,332.7,10,3.3,1152.53,16.05,53.4,0,2023,12,16,7,Not Returned
0,female,germany,premium,beauty,fragrance,ecolife,cash on delivery,mobile,email,standard,pickup,west,winter,no,Saturday,4,31,42.66,3,10,12.8,8.13,8.15,131.46,8,4,3999.19,27.38,35.99,0,2023,12,16,7,Not Returned
0,female,canada,loyal,books,education,valuemax,debit card,mobile,social media,standard,standard,east,winter,no,Saturday,4,30,16.51,1,0,0,6.79,1.66,24.96,4,3.4,589.03,22.32,5.57,0,2023,12,16,7,Returned
0,female,france,returning,toys,educational,quickcart,bank transfer,desktop,referral,standard,standard,east,winter,yes,Sunday,4,47,13.81,4,10,5.52,7.74,3.29,60.75,2,3.8,389.91,29.84,18.13,0,2023,12,17,1,Not Returned
0,male,united states,returning,beauty,haircare,quickcart,paypal,desktop,direct,standard,standard,central,winter,yes,Sunday,4,26,90.29,6,20,108.35,9.93,23.71,467.03,5,3.9,4987.27,28.22,131.8,1,2023,12,17,1,Not Returned
0,male,saudi arabia,returning,fashion,bags,apex,bank transfer,mobile,paid ads,standard,standard,east,winter,no,Sunday,4,35,101.68,2,0,0,4.13,20.56,228.05,6,4.4,809.77,32.92,75.07,0,2023,12,17,1,Not Returned
0,male,united states,returning,electronics,accessories,zenith,debit card,mobile,organic search,standard,express,north,winter,yes,Monday,4,18,586.73,3,10,176.02,16,184.31,1784.48,6,4,30023.39,14.64,261.25,1,2023,12,18,2,Not Returned
0,male,pakistan,loyal,fashion,women clothing,nova,paypal,mobile,email,silver,express,central,winter,yes,Monday,4,48,54.35,1,30,16.3,13.89,2.91,54.85,0,4.7,1634.88,25.57,14.03,0,2023,12,18,2,Not Returned
0,female,united states,new,electronics,laptop,urbanco,debit card,mobile,referral,standard,standard,south,winter,no,Monday,4,33,208.28,2,20,83.31,6.96,35.54,375.75,4,4.7,6401.25,3,11.27,0,2023,12,18,2,Not Returned
1,female,united kingdom,returning,beauty,fragrance,zenith,bank transfer,mobile,referral,platinum,standard,east,winter,no,Tuesday,4,18,77.39,2,5,7.74,1.09,6.73,154.86,8,3.8,2008.2,31.55,48.86,0,2023,12,19,3,Not Returned
0,female,france,loyal,fashion,men clothing,urbanco,cash on delivery,mobile,paid ads,gold,standard,east,winter,no,Tuesday,4,23,51.07,2,0,0,5.83,9.13,117.1,5,4.8,2322.8,26.15,30.62,0,2023,12,19,3,Not Returned
0,male,canada,loyal,sports,fitness,ecolife,cash on delivery,mobile,email,silver,standard,central,winter,no,Tuesday,4,44,55.27,4,30,66.32,10.98,15.7,181.44,6,3.9,2509.7,21.17,38.41,0,2023,12,19,3,Not Returned
1,male,united states,returning,home & kitchen,appliances,quickcart,wallet,mobile,direct,standard,standard,south,winter,yes,Wednesday,4,55,61.74,4,25,61.74,7.89,25.08,218.19,4,3,3435.92,15.87,34.63,0,2023,12,20,4,Returned
0,female,canada,loyal,fashion,men clothing,primeplus,bank transfer,desktop,direct,standard,standard,central,winter,yes,Wednesday,4,33,73.54,5,25,91.93,8.74,20.17,304.68,1,3.9,6949.39,22.32,68,0,2023,12,20,4,Not Returned
0,female,saudi arabia,loyal,electronics,accessories,urbanco,paypal,mobile,referral,standard,express,west,winter,no,Thursday,4,21,218.21,2,10,43.64,16.41,30.85,440.04,5,4.6,7116.51,23.35,102.75,1,2023,12,21,5,Not Returned
0,female,united states,loyal,groceries,snacks,apex,paypal,mobile,referral,platinum,same day,north,winter,no,Thursday,4,21,20.57,4,10,8.23,16.5,7.24,97.79,3,3.4,2415.09,24.25,23.71,0,2023,12,21,5,Returned
1,female,pakistan,premium,groceries,beverages,urbanco,bank transfer,desktop,paid ads,standard,standard,south,winter,no,Thursday,4,24,14.11,4,10,5.64,6.97,6.42,64.19,6,3.3,2386.97,23.66,15.19,0,2023,12,21,5,Returned
0,male,united kingdom,loyal,fashion,shoes,primeplus,cash on delivery,desktop,direct,platinum,standard,east,winter,no,Friday,4,34,87.88,3,0,0,5.05,15.41,284.1,6,4.5,4308.86,29.32,83.3,0,2023,12,22,6,Not Returned
0,male,united kingdom,premium,electronics,headphones,urbanco,bank transfer,desktop,direct,standard,standard,west,winter,yes,Friday,4,39,501.09,3,10,150.33,9.53,74.71,1437.18,5,3.7,18708.25,36.81,529.03,1,2023,12,22,6,Not Returned
0,female,australia,premium,electronics,mobile,urbanco,debit card,mobile,social media,standard,same day,central,winter,yes,Friday,4,29,341.51,5,0,0,22.98,163.45,1893.98,0,4.4,35756.82,15.27,289.21,1,2023,12,22,6,Not Returned
0,female,canada,premium,electronics,headphones,nova,wallet,mobile,email,standard,standard,south,winter,yes,Saturday,4,50,333.31,5,0,0,7.46,130.32,1804.33,5,4.2,8867.43,28.35,511.53,1,2023,12,23,7,Not Returned
0,male,united kingdom,returning,groceries,snacks,urbanco,credit card,mobile,organic search,standard,same day,south,winter,no,Sunday,4,40,24.19,4,10,9.68,24.89,6.95,118.92,1,4.4,1121.42,9.95,11.83,0,2023,12,24,1,Not Returned
0,female,uae,returning,groceries,fresh produce,primeplus,bank transfer,tablet,organic search,standard,standard,central,winter,no,Sunday,4,51,15.01,3,25,11.26,9.34,4.85,47.96,7,3.3,870.69,12.6,6.04,0,2023,12,24,1,Returned
0,male,pakistan,premium,home & kitchen,appliances,primeplus,bank transfer,mobile,paid ads,gold,pickup,west,winter,yes,Sunday,4,53,99.86,6,0,0,10.75,59.35,669.26,6,3.7,14602.34,28.67,191.88,1,2023,12,24,1,Not Returned
0,male,pakistan,loyal,fashion,bags,ecolife,cash on delivery,desktop,email,gold,standard,east,winter,yes,Sunday,4,25,31.57,2,30,18.94,5.48,3.78,53.46,5,4,1280.2,15.19,8.12,0,2023,12,24,1,Not Returned
0,male,canada,new,fashion,bags,apex,bank transfer,desktop,direct,standard,standard,east,winter,no,Sunday,4,57,114.52,2,25,57.26,9.21,9.36,190.35,5,4,3579.75,30,57.1,0,2023,12,24,1,Not Returned
0,male,united kingdom,returning,fashion,shoes,ecolife,wallet,mobile,referral,standard,same day,central,winter,no,Sunday,4,22,69.64,2,15,20.89,21.06,8.28,147.73,1,4,2738.53,22.57,33.34,0,2023,12,24,1,Not Returned
0,male,united states,returning,groceries,beverages,ecolife,credit card,mobile,direct,gold,same day,central,winter,yes,Tuesday,4,50,12.08,3,20,7.25,21.27,3.1,53.36,4,5,463.47,13.38,7.14,0,2023,12,26,3,Not Returned
0,male,australia,returning,toys,educational,primeplus,cash on delivery,mobile,organic search,silver,express,south,winter,yes,Tuesday,4,43,58.94,4,15,35.36,16.02,19.44,235.86,4,5,4215.25,11.63,27.43,0,2023,12,26,3,Not Returned
0,female,united states,returning,groceries,fresh produce,quickcart,cash on delivery,mobile,paid ads,standard,standard,east,winter,yes,Thursday,4,31,12.06,3,0,0,1.92,2.89,40.99,4,4.3,200.78,31.79,13.03,0,2023,12,28,5,Not Returned
1,male,france,returning,fashion,men clothing,freshmart,credit card,tablet,referral,silver,standard,south,winter,no,Thursday,4,30,76.3,7,15,80.11,12.85,18.98,485.82,5,3.8,2533.64,14.16,68.79,1,2023,12,28,5,Not Returned
0,male,india,returning,electronics,mobile,quickcart,credit card,mobile,paid ads,standard,express,south,winter,yes,Friday,4,18,455.84,4,15,273.5,16.3,158.13,1724.29,3,3.8,20099.05,25.22,434.87,1,2023,12,29,6,Not Returned
0,male,germany,new,beauty,haircare,ecolife,wallet,mobile,social media,gold,standard,north,winter,no,Friday,4,45,54.62,6,30,98.32,9.86,31.51,270.77,3,4.7,5069.65,30.02,81.29,0,2023,12,29,6,Not Returned
0,female,canada,returning,books,non-fiction,urbanco,credit card,mobile,referral,standard,express,west,winter,yes,Saturday,4,23,18.89,3,5,2.83,16.18,6.07,76.09,1,3.9,755.72,25.36,19.3,0,2023,12,30,7,Not Returned
1,male,canada,returning,fashion,men clothing,urbanco,wallet,tablet,social media,standard,standard,west,winter,yes,Sunday,4,59,67.17,3,15,30.23,8.09,11.88,191.25,10,2,799.57,20.73,39.65,0,2023,12,31,1,Returned
0,male,france,loyal,fashion,women clothing,quickcart,bank transfer,mobile,direct,platinum,standard,west,winter,no,Sunday,4,34,61.92,2,30,37.15,0,12.75,99.44,5,4.4,1535.33,20.87,20.75,0,2023,12,31,1,Not Returned
0,female,india,returning,toys,action figures,nova,bank transfer,mobile,paid ads,gold,express,south,winter,yes,Sunday,4,38,32.44,1,25,8.11,9.98,2.61,36.92,5,4.9,353.21,26.91,9.94,0,2023,12,31,1,Not Returned
0,female,australia,returning,electronics,mobile,nova,cash on delivery,mobile,email,platinum,standard,east,winter,no,Tuesday,1,27,478.36,6,5,143.51,6.18,289.94,3022.77,5,3.6,50000,13.24,400.21,1,2024,1,2,3,Not Returned
0,male,france,loyal,home & kitchen,furniture,zenith,cash on delivery,desktop,email,gold,express,central,winter,no,Wednesday,1,39,98.36,4,25,98.36,16.98,13.9,325.96,0,4.4,1453.14,19.52,63.63,0,2024,1,3,4,Not Returned
0,male,united kingdom,returning,beauty,skincare,urbanco,paypal,mobile,email,platinum,express,east,winter,no,Wednesday,1,37,32.24,6,5,9.67,13.66,13.84,211.27,2,5,4056.14,22.25,47.01,0,2024,1,3,4,Not Returned
0,other,united kingdom,returning,home & kitchen,appliances,quickcart,debit card,mobile,direct,standard,standard,east,winter,no,Wednesday,1,43,281.41,3,15,126.63,5.28,38.55,761.43,4,5,8375.39,23.47,178.71,1,2024,1,3,4,Not Returned
0,male,india,new,home & kitchen,cookware,ecolife,cash on delivery,desktop,paid ads,standard,standard,south,winter,no,Wednesday,1,43,141.97,5,5,35.49,8.01,71.08,753.45,5,4.1,7114.05,16.09,121.23,1,2024,1,3,4,Not Returned
0,male,australia,new,fashion,men clothing,trendify,wallet,mobile,organic search,standard,express,west,winter,no,Thursday,1,42,70.95,3,10,21.28,16.11,19.87,227.55,5,3.5,2160.95,29.21,66.47,0,2024,1,4,5,Returned
0,female,germany,returning,beauty,fragrance,trendify,paypal,mobile,referral,silver,pickup,north,winter,no,Thursday,1,27,44.24,1,35,15.48,1,2.71,32.47,6,4.1,282.17,20.76,6.74,0,2024,1,4,5,Not Returned
0,female,pakistan,loyal,fashion,men clothing,apex,debit card,mobile,referral,standard,pickup,north,winter,no,Thursday,1,32,45.35,2,10,9.07,5,6.93,93.56,5,2.9,1064.38,29.03,27.16,0,2024,1,4,5,Returned
0,female,australia,returning,groceries,fresh produce,freshmart,bank transfer,desktop,social media,standard,standard,east,winter,no,Thursday,1,38,21.19,3,0,0,10.5,6.46,80.53,4,5,994.36,18.53,14.92,0,2024,1,4,5,Not Returned
0,male,saudi arabia,loyal,home & kitchen,decor,primeplus,credit card,desktop,paid ads,standard,standard,central,winter,no,Friday,1,58,251.31,2,30,150.79,9.44,44.49,405.76,7,3,5731.85,29.27,118.77,1,2024,1,5,6,Returned
0,male,india,loyal,fashion,shoes,quickcart,wallet,mobile,referral,platinum,same day,east,winter,no,Friday,1,42,50.99,4,35,71.39,18.7,11.89,163.16,1,4.3,2712.48,7.16,11.68,0,2024,1,5,6,Not Returned
0,male,france,new,fashion,bags,apex,paypal,mobile,direct,standard,pickup,central,winter,no,Friday,1,20,82.27,5,25,102.84,3.39,17.64,329.54,7,4.2,2130.17,27.86,91.81,0,2024,1,5,6,Not Returned
0,male,pakistan,returning,fashion,bags,urbanco,debit card,mobile,social media,standard,standard,east,winter,yes,Saturday,1,64,149.71,3,35,157.2,9.15,13.78,314.86,5,4.9,3602.69,29.48,92.82,0,2024,1,6,7,Not Returned
0,male,india,new,home & kitchen,cookware,nova,bank transfer,mobile,organic search,silver,standard,central,winter,no,Saturday,1,34,115.2,1,10,11.52,5.51,12.34,121.53,3,3.9,720.28,21.99,26.72,0,2024,1,6,7,Not Returned
1,female,france,returning,electronics,laptop,apex,bank transfer,desktop,email,standard,express,north,winter,no,Saturday,1,54,356.7,5,15,267.52,14.64,80.99,1611.61,1,3.6,13714.31,20.68,333.28,1,2024,1,6,7,Returned
0,female,canada,loyal,groceries,dairy,primeplus,debit card,tablet,referral,silver,pickup,central,winter,no,Saturday,1,26,15.83,6,20,19,11.85,10.44,98.27,7,3.4,2640.86,15.44,15.17,0,2024,1,6,7,Returned
0,male,pakistan,loyal,groceries,fresh produce,apex,debit card,mobile,direct,silver,pickup,central,winter,no,Saturday,1,37,11.95,2,0,0,6.44,2.5,32.84,8,4.4,582.64,27.63,9.07,0,2024,1,6,7,Not Returned
0,female,pakistan,loyal,groceries,dairy,freshmart,wallet,desktop,direct,standard,express,east,winter,no,Saturday,1,33,8.98,1,10,0.9,12.41,0.87,21.36,3,3.9,721.45,16.72,3.57,0,2024,1,6,7,Not Returned
0,male,pakistan,returning,electronics,mobile,ecolife,cash on delivery,mobile,direct,silver,standard,central,winter,no,Sunday,1,48,420.53,4,0,0,9.56,130.15,1821.83,7,3.4,21390.46,13.05,237.75,1,2024,1,7,1,Returned
0,female,saudi arabia,loyal,beauty,fragrance,freshmart,paypal,desktop,referral,gold,standard,south,winter,no,Sunday,1,19,66.73,2,0,0,6.03,12.89,152.38,6,3.1,1337.05,28.53,43.47,0,2024,1,7,1,Returned
0,male,saudi arabia,loyal,groceries,dairy,apex,cash on delivery,desktop,direct,standard,standard,west,winter,no,Sunday,1,23,13.85,2,10,2.77,3.57,1.25,29.75,4,3.8,725.42,16.17,4.81,0,2024,1,7,1,Not Returned
1,female,canada,new,fashion,women clothing,apex,debit card,mobile,direct,standard,standard,south,winter,no,Sunday,1,50,90.35,2,0,0,2.69,13.17,196.56,3,3.6,1986.48,29.56,58.1,0,2024,1,7,1,Returned
0,female,germany,returning,home & kitchen,cookware,ecolife,wallet,mobile,referral,gold,express,north,winter,no,Monday,1,28,152.99,4,0,0,11.53,47.46,670.95,6,3.7,13094.49,17.97,120.57,1,2024,1,8,2,Not Returned
0,male,saudi arabia,returning,sports,fitness,quickcart,paypal,desktop,direct,platinum,pickup,west,winter,no,Monday,1,57,106.19,2,20,42.48,0,13.07,182.97,6,4.2,3247.02,11,20.13,0,2024,1,8,2,Not Returned
0,male,germany,loyal,toys,action figures,quickcart,debit card,mobile,direct,standard,same day,south,winter,no,Monday,1,34,97.45,4,0,0,21.24,43.72,454.76,0,4.6,2569.62,16.71,75.99,1,2024,1,8,2,Not Returned
0,male,france,loyal,sports,equipment,freshmart,cash on delivery,mobile,email,standard,express,west,winter,no,Monday,1,46,89.96,4,10,35.98,17.76,15.2,356.82,3,4.9,3259.12,13.01,46.42,0,2024,1,8,2,Not Returned
0,female,australia,loyal,home & kitchen,appliances,trendify,wallet,tablet,referral,silver,same day,east,winter,no,Tuesday,1,28,215.82,3,20,129.49,22.8,28.09,568.86,1,4.6,7191.08,5.75,32.71,1,2024,1,9,3,Not Returned
0,male,india,loyal,books,comics,quickcart,credit card,mobile,organic search,gold,pickup,south,winter,no,Wednesday,1,27,19.37,5,15,14.53,7.1,7.02,96.44,8,4.4,1326.5,19.3,18.61,0,2024,1,10,4,Not Returned
0,male,india,loyal,groceries,beverages,quickcart,paypal,desktop,organic search,silver,express,south,winter,no,Wednesday,1,18,14.36,5,0,0,22.3,5.13,99.23,4,4.2,2564.76,33.89,33.63,0,2024,1,10,4,Not Returned
0,male,united states,returning,home & kitchen,cookware,valuemax,credit card,mobile,referral,silver,express,central,winter,no,Wednesday,1,39,96.31,2,0,0,17.64,21.09,231.35,2,4.3,843.45,38.48,89.02,0,2024,1,10,4,Not Returned
0,male,germany,returning,electronics,mobile,ecolife,bank transfer,tablet,social media,standard,pickup,west,winter,no,Wednesday,1,18,293.64,3,10,88.09,4.85,53.66,851.34,7,4.2,11063.7,17.48,148.81,1,2024,1,10,4,Not Returned
1,male,united kingdom,returning,sports,sportswear,zenith,wallet,mobile,email,standard,same day,south,winter,yes,Wednesday,1,36,92.38,1,25,23.1,20,10.39,99.67,4,2.2,183.2,19.02,18.96,0,2024,1,10,4,Returned
1,male,india,loyal,groceries,snacks,trendify,bank transfer,mobile,direct,gold,standard,north,winter,no,Thursday,1,31,18.32,4,10,7.33,4.25,4.27,74.47,9,3.2,1527.24,16.66,12.41,0,2024,1,11,5,Returned
0,male,saudi arabia,loyal,sports,fitness,quickcart,credit card,tablet,direct,gold,pickup,south,winter,no,Friday,1,47,84.56,6,25,126.84,10.16,47.43,438.11,6,4.7,5472.95,13.31,58.31,1,2024,1,12,6,Not Returned
0,female,germany,loyal,groceries,fresh produce,freshmart,bank transfer,mobile,referral,standard,express,north,winter,no,Friday,1,48,9.74,3,10,2.92,15.41,1.08,42.79,6,4.7,639.88,15.01,6.42,0,2024,1,12,6,Not Returned
0,female,canada,returning,home & kitchen,furniture,primeplus,cash on delivery,mobile,paid ads,silver,standard,south,winter,no,Friday,1,57,158.17,3,0,0,8.35,53.23,536.09,3,4.9,9145.32,12.02,64.44,1,2024,1,12,6,Not Returned
0,male,pakistan,new,toys,educational,zenith,bank transfer,mobile,paid ads,standard,same day,east,winter,no,Saturday,1,48,102.08,2,40,81.66,16.25,15.22,153.97,0,5,2337.3,9.64,14.84,0,2024,1,13,7,Not Returned
0,male,france,premium,groceries,beverages,apex,cash on delivery,mobile,referral,gold,standard,east,winter,no,Saturday,1,37,11.58,3,20,6.95,7.7,1.27,36.76,8,4.4,2147.29,21.51,7.91,0,2024,1,13,7,Not Returned
0,female,united states,new,beauty,makeup,trendify,wallet,mobile,social media,standard,pickup,south,winter,no,Saturday,1,35,59.57,5,0,0,10.51,19.32,327.68,8,4.8,5690.61,30.36,99.48,0,2024,1,13,7,Not Returned
0,male,uae,returning,beauty,makeup,primeplus,cash on delivery,mobile,paid ads,gold,pickup,west,winter,no,Sunday,1,34,35.38,5,20,35.38,7.06,5.39,153.97,4,4.7,1556.12,38.17,58.77,0,2024,1,14,1,Not Returned
0,male,united states,loyal,electronics,mobile,valuemax,credit card,mobile,referral,standard,standard,south,winter,no,Sunday,1,30,690.74,1,5,34.54,4.97,40.07,701.24,7,2.6,7557.1,33.23,233.02,1,2024,1,14,1,Returned
0,female,india,new,fashion,shoes,ecolife,debit card,mobile,email,platinum,standard,west,winter,no,Sunday,1,59,90.79,2,0,0,0,13.86,195.44,4,3.8,1965.02,11.97,23.39,0,2024,1,14,1,Not Returned
0,male,uae,returning,groceries,dairy,quickcart,bank transfer,mobile,email,gold,standard,central,winter,no,Sunday,1,18,10.25,2,10,2.05,6.39,1.27,26.11,3,3.2,559.68,31.43,8.21,0,2024,1,14,1,Returned
1,female,france,new,fashion,women clothing,ecolife,paypal,mobile,paid ads,standard,pickup,west,winter,no,Sunday,1,38,24.36,5,5,6.09,6.82,4.32,126.85,6,3.1,1937.49,23.67,30.03,0,2024,1,14,1,Returned
0,male,france,premium,sports,fitness,urbanco,paypal,mobile,direct,silver,pickup,central,winter,no,Sunday,1,30,136.49,4,35,191.09,8.44,26.97,390.28,4,4.4,4708.43,20.15,78.64,1,2024,1,14,1,Not Returned
0,male,saudi arabia,returning,home & kitchen,furniture,quickcart,cash on delivery,mobile,organic search,standard,same day,central,winter,no,Monday,1,46,102.77,3,0,0,23.72,36.26,368.29,0,4.8,6084.84,27.27,100.43,0,2024,1,15,2,Not Returned
0,male,india,loyal,home & kitchen,cookware,zenith,debit card,mobile,paid ads,silver,standard,west,winter,no,Monday,1,55,112.47,3,0,0,7.58,34.72,379.71,3,4.5,3134.88,31.26,118.7,0,2024,1,15,2,Not Returned
0,male,united states,new,beauty,makeup,freshmart,bank transfer,mobile,direct,standard,express,west,winter,no,Monday,1,29,60.92,4,0,0,18.23,12.42,274.33,2,4.1,5530.37,24.78,67.98,0,2024,1,15,2,Not Returned
0,female,uae,loyal,sports,fitness,urbanco,cash on delivery,desktop,referral,gold,express,central,winter,no,Tuesday,1,58,54.94,5,0,0,11.89,24.16,310.75,3,4.5,4959.15,38.57,119.86,0,2024,1,16,3,Not Returned
0,female,germany,loyal,groceries,dairy,valuemax,credit card,mobile,email,silver,standard,south,winter,no,Tuesday,1,37,16.13,2,5,1.61,4.63,2.14,37.42,5,4.1,696.46,14.58,5.46,0,2024,1,16,3,Not Returned
0,female,france,new,sports,outdoor,trendify,wallet,mobile,direct,standard,standard,north,winter,no,Tuesday,1,27,91.53,3,20,54.92,8.5,11.98,240.15,6,3.7,1723.94,28.52,68.49,0,2024,1,16,3,Not Returned
0,female,canada,loyal,home & kitchen,furniture,valuemax,credit card,mobile,email,silver,standard,central,winter,no,Wednesday,1,44,133.07,1,20,26.61,5.64,6.89,118.99,3,4.8,2015.3,34.1,40.58,0,2024,1,17,4,Not Returned
0,female,germany,premium,electronics,headphones,quickcart,wallet,tablet,organic search,standard,standard,north,winter,no,Wednesday,1,27,316.86,1,15,47.53,5.81,28.97,304.11,4,4.1,7377.34,19.73,60,0,2024,1,17,4,Not Returned
0,male,india,new,home & kitchen,appliances,apex,wallet,mobile,paid ads,silver,same day,south,winter,yes,Wednesday,1,18,146.44,3,10,43.93,16.09,26.42,437.9,1,4.7,3635.85,19.27,84.38,1,2024,1,17,4,Not Returned
0,male,india,new,home & kitchen,appliances,urbanco,paypal,mobile,referral,standard,standard,east,winter,no,Thursday,1,42,119.85,2,35,83.9,5.03,10.73,171.56,2,5,2464.3,19.75,33.88,0,2024,1,18,5,Not Returned
0,male,united states,loyal,sports,equipment,primeplus,wallet,mobile,email,silver,express,central,winter,no,Thursday,1,49,94.04,6,20,112.85,20.47,30.91,502.77,7,4.6,3313.54,23.33,117.3,1,2024,1,18,5,Not Returned
0,female,canada,returning,electronics,accessories,apex,paypal,desktop,paid ads,platinum,pickup,east,winter,no,Thursday,1,25,289.18,3,15,130.13,0,34.63,772.04,5,4.8,4116.77,14.64,113.03,1,2024,1,18,5,Not Returned
0,male,saudi arabia,new,fashion,men clothing,trendify,credit card,mobile,direct,standard,pickup,central,winter,no,Thursday,1,42,45.58,3,20,27.35,5.94,7.75,123.08,6,5,1504.58,20.78,25.58,0,2024,1,18,5,Not Returned
0,female,germany,new,beauty,fragrance,quickcart,bank transfer,mobile,email,silver,standard,north,winter,no,Friday,1,58,55.99,1,15,8.4,0,3.88,51.47,6,4,991.31,30.19,15.54,0,2024,1,19,6,Not Returned
0,female,united states,loyal,groceries,snacks,quickcart,credit card,mobile,referral,standard,standard,east,winter,no,Friday,1,31,13.28,3,15,5.98,4.45,1.49,39.8,6,3,1182.04,26.93,10.72,0,2024,1,19,6,Returned
0,male,australia,loyal,books,fiction,nova,wallet,desktop,paid ads,gold,standard,east,winter,no,Friday,1,18,24.66,3,15,11.1,5.96,8.21,77.05,4,4,1277.35,3.79,2.92,0,2024,1,19,6,Not Returned
0,female,germany,new,electronics,accessories,nova,wallet,mobile,referral,standard,standard,east,winter,no,Friday,1,53,579.25,2,15,173.78,5.71,131.85,1122.28,4,3.8,3512.6,6.35,71.26,1,2024,1,19,6,Not Returned
0,female,uae,new,sports,fitness,trendify,bank transfer,tablet,email,gold,standard,north,winter,no,Saturday,1,47,40.61,5,10,20.3,8.89,21.22,212.86,6,4,1925.3,8.38,17.84,0,2024,1,20,7,Not Returned
0,male,australia,loyal,electronics,headphones,apex,wallet,desktop,referral,standard,standard,south,winter,no,Saturday,1,30,325.74,4,15,195.44,10.47,101.31,1219.3,5,4.6,21722.25,14.31,174.48,1,2024,1,20,7,Not Returned
0,male,pakistan,returning,electronics,mobile,quickcart,paypal,tablet,direct,silver,standard,north,winter,no,Saturday,1,46,477.58,3,15,214.91,8.51,97.43,1323.77,8,4.1,15273.57,29.49,390.38,1,2024,1,20,7,Not Returned
0,female,australia,returning,books,comics,zenith,cash on delivery,mobile,social media,standard,pickup,west,winter,no,Sunday,1,45,37.21,3,0,0,4.88,13.04,129.55,4,5,2020.08,28.76,37.26,0,2024,1,21,1,Not Returned
0,female,pakistan,loyal,home & kitchen,decor,freshmart,bank transfer,desktop,direct,standard,standard,north,winter,no,Monday,1,18,155.71,1,20,31.14,3.71,10.06,138.34,6,5,2413.84,28.79,39.83,0,2024,1,22,2,Not Returned
0,female,united kingdom,returning,groceries,beverages,valuemax,paypal,desktop,referral,silver,standard,central,winter,no,Monday,1,53,22.39,4,5,4.48,10.26,6.47,101.81,7,4.1,2256.9,10.02,10.2,0,2024,1,22,2,Not Returned
0,male,pakistan,new,electronics,accessories,freshmart,debit card,mobile,paid ads,silver,express,north,winter,no,Monday,1,26,355.37,6,0,0,20.11,145.13,2297.46,4,5,9628.85,22.03,506.13,1,2024,1,22,2,Not Returned
0,female,india,returning,home & kitchen,decor,primeplus,credit card,desktop,direct,standard,standard,west,winter,no,Monday,1,39,146.4,2,0,0,5.01,20.88,318.69,8,4.1,3471.19,23.72,75.59,0,2024,1,22,2,Not Returned
0,female,france,loyal,fashion,bags,trendify,debit card,mobile,social media,standard,express,north,winter,no,Monday,1,31,45.44,2,0,0,13.81,9.89,114.58,3,5,2654.85,28.84,33.04,0,2024,1,22,2,Not Returned
0,male,pakistan,loyal,beauty,makeup,freshmart,credit card,mobile,paid ads,silver,express,south,winter,no,Tuesday,1,26,23.52,2,15,7.06,12.74,1.71,54.43,2,4,1778.41,26.81,14.59,0,2024,1,23,3,Not Returned
0,male,canada,new,toys,educational,apex,cash on delivery,desktop,social media,silver,standard,south,winter,no,Tuesday,1,18,57.63,7,0,0,8.45,34.22,446.08,3,2.7,5052.25,22.25,99.25,1,2024,1,23,3,Returned
0,female,france,returning,home & kitchen,appliances,trendify,credit card,mobile,direct,gold,standard,south,winter,no,Tuesday,1,34,233.64,4,0,0,6.65,101.63,1042.84,2,5,6336.09,20.02,208.78,1,2024,1,23,3,Not Returned
0,female,germany,returning,sports,fitness,urbanco,credit card,mobile,email,platinum,pickup,east,winter,no,Wednesday,1,22,61.11,5,0,0,3.34,10.83,319.72,5,4.9,6039.4,19.52,62.41,0,2024,1,24,4,Not Returned
0,male,pakistan,new,groceries,fresh produce,ecolife,wallet,mobile,direct,gold,same day,south,winter,no,Wednesday,1,40,21.63,3,0,0,19.74,7.25,91.88,0,3.6,1328.71,26.97,24.78,0,2024,1,24,4,Not Returned
1,female,united kingdom,returning,home & kitchen,furniture,apex,debit card,mobile,social media,silver,same day,west,winter,no,Wednesday,1,48,178.53,3,15,80.34,22.46,48.8,526.51,1,2.3,7346.84,19.08,100.46,1,2024,1,24,4,Returned
0,male,united kingdom,new,home & kitchen,furniture,valuemax,wallet,desktop,paid ads,standard,pickup,west,winter,no,Wednesday,1,32,109.74,3,20,65.84,4.52,26.16,294.06,7,4.4,4076.56,14.2,41.76,0,2024,1,24,4,Not Returned
0,female,india,returning,sports,fitness,valuemax,cash on delivery,desktop,direct,standard,standard,east,winter,no,Wednesday,1,52,115.52,4,0,0,10.28,36.01,508.37,4,4,2980.1,18.23,92.68,1,2024,1,24,4,Not Returned
0,male,germany,loyal,groceries,fresh produce,quickcart,debit card,desktop,email,standard,pickup,east,winter,no,Thursday,1,32,15.99,3,5,2.4,6.5,2.39,54.46,2,4.6,1548.8,20.62,11.23,0,2024,1,25,5,Not Returned
0,male,australia,returning,groceries,fresh produce,zenith,wallet,desktop,email,standard,express,west,winter,no,Thursday,1,29,21.06,1,0,0,10.72,1.47,33.25,4,4,652.09,27.67,9.2,0,2024,1,25,5,Not Returned
0,male,united kingdom,premium,sports,sportswear,apex,cash on delivery,mobile,email,standard,standard,north,winter,no,Thursday,1,36,83.16,2,35,58.21,6.63,14.23,128.97,4,4.6,3771.56,16.17,20.85,0,2024,1,25,5,Not Returned
0,male,united kingdom,returning,groceries,fresh produce,zenith,wallet,mobile,referral,silver,standard,central,winter,no,Friday,1,32,9.11,3,15,4.1,8,2.57,33.8,2,4.4,338.96,15.35,5.19,0,2024,1,26,6,Not Returned
0,female,france,premium,home & kitchen,decor,quickcart,credit card,mobile,direct,standard,standard,central,winter,no,Monday,1,27,178.61,4,20,142.89,9.44,67.09,648.08,5,4.9,5942.31,9.88,64.03,1,2024,1,29,2,Not Returned
0,male,saudi arabia,loyal,beauty,makeup,quickcart,cash on delivery,desktop,paid ads,standard,same day,south,winter,no,Monday,1,37,21.38,3,5,3.21,21.55,3.51,85.99,3,5,1255.82,26.33,22.64,0,2024,1,29,2,Not Returned
0,female,uae,loyal,groceries,dairy,urbanco,debit card,tablet,social media,standard,standard,central,winter,no,Monday,1,26,23.85,4,20,19.08,8.89,4.17,89.38,1,3.5,2076.32,20.38,18.22,0,2024,1,29,2,Returned
0,male,united kingdom,returning,fashion,women clothing,quickcart,credit card,tablet,paid ads,silver,express,central,winter,no,Monday,1,27,49.79,2,5,4.98,11.6,5.28,111.48,2,4.4,701.69,36.08,40.22,0,2024,1,29,2,Not Returned
0,female,canada,returning,electronics,headphones,apex,debit card,mobile,referral,standard,express,south,winter,no,Monday,1,18,187.76,1,10,18.78,18.91,20.25,208.14,2,5,4062.12,19.65,40.9,0,2024,1,29,2,Not Returned
0,female,saudi arabia,new,electronics,mobile,zenith,debit card,mobile,referral,standard,pickup,east,winter,no,Monday,1,42,482.66,2,15,144.8,7.53,47.02,875.07,2,4.1,13757.01,11.39,99.67,1,2024,1,29,2,Not Returned
0,male,united states,loyal,groceries,beverages,nova,credit card,desktop,paid ads,standard,express,central,winter,no,Tuesday,1,40,26.82,2,0,0,16.3,1.9,71.84,3,3.9,957.36,31.03,22.29,0,2024,1,30,3,Not Returned
0,female,saudi arabia,new,electronics,mobile,primeplus,credit card,desktop,email,standard,pickup,east,winter,no,Wednesday,1,37,334.6,1,0,0,5.38,32.74,372.72,6,4,3875.7,29.17,108.72,0,2024,1,31,4,Not Returned
1,female,canada,new,fashion,women clothing,valuemax,credit card,mobile,direct,platinum,same day,central,winter,no,Wednesday,1,49,58.73,2,20,23.49,17.52,5.72,117.21,1,1.9,1297.81,34.44,40.37,0,2024,1,31,4,Returned
0,female,india,returning,fashion,shoes,valuemax,bank transfer,desktop,referral,silver,express,west,winter,no,Wednesday,1,18,104.09,4,10,41.64,17.24,39.14,431.1,3,4.9,6427.42,30.79,132.74,1,2024,1,31,4,Not Returned
0,male,united kingdom,premium,fashion,shoes,freshmart,wallet,mobile,social media,silver,standard,south,winter,no,Wednesday,1,47,65.26,4,0,0,8.41,26.94,296.39,5,3.2,5644.17,44.57,132.1,0,2024,1,31,4,Returned
0,male,saudi arabia,new,sports,sportswear,trendify,debit card,mobile,social media,silver,express,north,winter,no,Thursday,1,35,45.46,2,0,0,14.04,6.66,111.62,5,4.3,1681.93,28.2,31.48,0,2024,2,1,5,Not Returned
0,male,germany,new,beauty,skincare,freshmart,debit card,mobile,paid ads,silver,express,east,winter,no,Friday,1,23,51.44,2,25,25.72,16.91,8.23,102.3,5,4.4,1319.02,12.06,12.34,0,2024,2,2,6,Not Returned
1,female,germany,new,electronics,accessories,urbanco,debit card,desktop,referral,standard,standard,south,winter,no,Friday,1,27,579.74,3,10,173.92,5.07,199.16,1769.53,6,3.1,8457.94,7.24,128.11,1,2024,2,2,6,Returned
0,male,uae,returning,groceries,snacks,primeplus,cash on delivery,mobile,email,standard,standard,north,winter,no,Friday,1,38,23.26,5,0,0,9.58,6.9,132.78,4,4.4,2231.05,19.82,26.32,0,2024,2,2,6,Not Returned
0,male,germany,premium,home & kitchen,appliances,trendify,wallet,mobile,direct,standard,standard,north,winter,no,Saturday,1,28,63.92,2,15,19.18,7.03,14.14,129.83,5,3.8,1723.01,24.47,31.77,0,2024,2,3,7,Not Returned
0,female,france,premium,beauty,skincare,freshmart,bank transfer,desktop,direct,silver,standard,east,winter,no,Sunday,1,51,56.32,4,0,0,11.7,9.19,246.17,6,4.6,4931,39.16,96.4,0,2024,2,4,1,Not Returned
0,male,germany,returning,electronics,headphones,apex,debit card,mobile,social media,silver,standard,south,winter,no,Sunday,1,31,335.3,5,10,167.65,10.74,177.45,1697.04,5,3.7,33948.44,19.44,329.9,1,2024,2,4,1,Not Returned
0,female,united states,new,electronics,laptop,ecolife,wallet,mobile,email,platinum,standard,central,winter,no,Sunday,1,18,482.64,1,30,144.79,0,40.09,377.94,5,4.6,6580.44,8.45,31.94,0,2024,2,4,1,Not Returned
1,male,india,loyal,home & kitchen,appliances,quickcart,debit card,tablet,email,standard,express,south,winter,no,Monday,1,18,101.31,4,35,141.83,13.94,38.62,315.97,3,2.3,4141.85,16.67,52.67,0,2024,2,5,2,Returned
0,male,pakistan,loyal,toys,action figures,zenith,wallet,mobile,organic search,standard,standard,central,winter,no,Monday,1,18,42.85,4,15,25.71,10.63,13.26,169.58,6,3.8,3450.52,14.05,23.83,0,2024,2,5,2,Not Returned
0,male,pakistan,returning,groceries,beverages,trendify,credit card,mobile,direct,standard,standard,west,winter,no,Tuesday,1,24,13.48,3,0,0,7.34,1.45,49.23,9,4,107.81,26.37,12.98,0,2024,2,6,3,Not Returned
0,male,france,new,beauty,skincare,trendify,bank transfer,mobile,paid ads,standard,standard,north,winter,no,Wednesday,1,47,41.73,3,10,12.52,7.15,4.36,124.18,7,4.6,1146.91,19.15,23.78,0,2024,2,7,4,Not Returned
0,female,united kingdom,new,electronics,accessories,valuemax,paypal,desktop,paid ads,silver,express,east,winter,yes,Wednesday,1,40,588.7,3,15,264.92,15.14,110.38,1626.7,3,5,23419.52,22.52,366.33,1,2024,2,7,4,Not Returned
0,male,pakistan,returning,fashion,bags,urbanco,wallet,tablet,organic search,gold,express,south,winter,no,Wednesday,1,40,35.5,4,0,0,12.92,13.27,168.19,4,4.7,1424.84,34.65,58.28,0,2024,2,7,4,Not Returned
1,female,pakistan,loyal,toys,puzzles,apex,debit card,tablet,paid ads,standard,standard,east,winter,no,Thursday,1,31,75.17,4,25,75.17,10.18,29.55,265.24,8,2,1206.83,17.37,46.07,0,2024,2,8,5,Returned
0,female,uae,new,sports,fitness,quickcart,bank transfer,desktop,organic search,standard,standard,west,winter,no,Thursday,1,47,111.61,1,25,27.9,5.75,6.21,95.67,4,3.4,1004.86,13.8,13.2,0,2024,2,8,5,Returned
0,female,australia,returning,fashion,men clothing,valuemax,bank transfer,mobile,social media,gold,standard,central,winter,no,Friday,1,51,74.81,3,0,0,2.4,24.43,251.26,6,4.3,1218.35,34.09,85.65,0,2024,2,9,6,Not Returned
0,female,canada,returning,sports,fitness,zenith,wallet,tablet,direct,standard,standard,east,winter,no,Saturday,1,19,89.67,7,0,0,14.21,51.76,693.66,1,5,5209.74,26.14,181.32,1,2024,2,10,7,Not Returned
0,female,uae,new,sports,fitness,valuemax,debit card,mobile,email,silver,standard,south,winter,yes,Saturday,1,21,73.06,4,25,73.06,11.12,16.45,246.75,6,3.3,3575.01,14.95,36.89,0,2024,2,10,7,Returned
0,male,australia,new,groceries,dairy,quickcart,paypal,tablet,direct,silver,pickup,south,winter,no,Saturday,1,48,16.39,2,25,8.2,7.03,1.96,33.57,6,3.6,445.75,23.52,7.9,0,2024,2,10,7,Not Returned
0,male,france,new,fashion,women clothing,apex,cash on delivery,mobile,email,standard,express,central,winter,no,Sunday,1,48,46.66,2,0,0,12.85,7.42,113.59,1,4.8,691.55,34.31,38.97,0,2024,2,11,1,Not Returned
0,female,united kingdom,returning,groceries,dairy,trendify,wallet,desktop,direct,gold,standard,central,winter,no,Sunday,1,18,18.59,3,0,0,5.11,6.19,67.07,4,4.5,847.3,24.65,16.53,0,2024,2,11,1,Not Returned
0,female,uae,loyal,beauty,haircare,primeplus,debit card,mobile,paid ads,platinum,express,central,winter,no,Monday,1,50,41.31,1,0,0,8.37,4.27,53.95,3,4.2,1406.38,35.37,19.08,0,2024,2,12,2,Not Returned
0,male,pakistan,returning,electronics,mobile,ecolife,credit card,desktop,social media,standard,express,south,winter,no,Tuesday,1,53,347.46,1,10,34.75,14.8,14.53,342.04,1,4.2,4974.34,14.6,49.94,0,2024,2,13,3,Not Returned
0,female,uae,returning,groceries,beverages,zenith,cash on delivery,desktop,social media,gold,standard,central,winter,no,Tuesday,1,29,7.86,2,20,3.14,1.05,1.42,15.05,7,5,376.97,25.56,3.85,0,2024,2,13,3,Not Returned
0,male,india,new,toys,board games,zenith,debit card,mobile,paid ads,standard,same day,north,winter,no,Tuesday,1,20,74.2,1,35,25.97,20.09,7.4,75.72,0,4.6,703.4,8.54,6.47,0,2024,2,13,3,Not Returned
0,male,germany,returning,sports,equipment,apex,paypal,desktop,direct,standard,standard,west,winter,no,Tuesday,1,24,58.25,2,0,0,6.38,5.34,128.22,2,4.5,642.43,51.61,66.17,0,2024,2,13,3,Not Returned
0,female,canada,new,toys,action figures,trendify,wallet,mobile,organic search,gold,standard,east,winter,no,Tuesday,1,45,27.23,2,40,21.78,3.21,6.44,42.33,7,3.2,399.61,3,1.27,0,2024,2,13,3,Returned
0,male,united kingdom,returning,home & kitchen,furniture,quickcart,cash on delivery,desktop,email,gold,standard,east,winter,no,Wednesday,1,24,125.27,3,10,37.58,4.53,40.5,383.26,8,4.3,4351.11,32.26,123.64,0,2024,2,14,4,Not Returned
0,male,uae,returning,groceries,fresh produce,apex,credit card,mobile,paid ads,gold,express,east,winter,no,Wednesday,1,27,12.31,3,10,3.69,13.03,3.91,50.18,5,4.4,460.19,19.37,9.72,0,2024,2,14,4,Not Returned
0,male,pakistan,returning,electronics,mobile,zenith,debit card,mobile,email,gold,express,north,winter,yes,Thursday,1,51,187.57,3,25,140.68,13.05,45.39,480.47,4,3.2,7683.74,19.22,92.35,1,2024,2,15,5,Returned
0,female,united states,loyal,groceries,beverages,primeplus,cash on delivery,tablet,paid ads,gold,standard,north,winter,no,Thursday,1,41,16.56,1,20,3.31,0.26,1.99,15.5,4,3.9,986.7,17.82,2.76,0,2024,2,15,5,Not Returned
0,male,france,returning,books,non-fiction,nova,cash on delivery,mobile,social media,standard,standard,east,winter,no,Friday,1,40,14.7,4,30,17.64,7.28,5.82,54.26,5,3.4,503.27,12.46,6.76,0,2024,2,16,6,Returned
0,male,india,premium,groceries,snacks,apex,bank transfer,mobile,paid ads,silver,standard,central,winter,no,Saturday,1,21,25.38,4,25,25.38,10.7,10.09,96.93,5,4.8,2010.37,11.43,11.08,0,2024,2,17,7,Not Returned
0,female,canada,loyal,electronics,laptop,trendify,wallet,mobile,referral,standard,standard,south,winter,no,Saturday,1,26,437.54,2,20,175.02,7.61,42.66,750.33,6,5,6209.85,15.91,119.38,1,2024,2,17,7,Not Returned
0,male,united kingdom,returning,beauty,haircare,ecolife,debit card,mobile,organic search,standard,standard,west,winter,no,Sunday,1,36,36.71,6,35,77.09,9.62,19.46,172.25,4,5,2614.44,27.14,46.75,0,2024,2,18,1,Not Returned
0,male,germany,loyal,fashion,shoes,valuemax,cash on delivery,mobile,organic search,standard,standard,central,winter,yes,Monday,1,43,26.02,3,35,27.32,7.77,3.39,61.9,4,5,768.73,8.26,5.11,0,2024,2,19,2,Not Returned
0,female,saudi arabia,premium,fashion,shoes,quickcart,credit card,mobile,direct,silver,standard,west,winter,no,Monday,1,60,97.79,2,10,19.56,7.49,13.84,197.35,5,3.5,2015.24,29.22,57.67,0,2024,2,19,2,Returned
0,male,france,returning,electronics,laptop,quickcart,paypal,desktop,direct,standard,express,south,winter,no,Monday,1,49,249.22,2,15,74.77,12.99,16.68,453.34,6,3.2,1428.89,6.5,29.47,1,2024,2,19,2,Returned
0,male,saudi arabia,loyal,home & kitchen,cookware,zenith,paypal,desktop,direct,standard,standard,east,winter,no,Tuesday,1,45,138.67,1,20,27.73,7.51,13.17,131.62,7,4.6,1998.49,26.58,34.98,0,2024,2,20,3,Not Returned
0,male,canada,premium,fashion,bags,nova,debit card,mobile,referral,gold,express,south,winter,no,Tuesday,1,37,65.71,1,0,0,7.78,3.8,77.29,3,4.2,2036.7,20.63,15.94,0,2024,2,20,3,Not Returned
0,female,united kingdom,premium,home & kitchen,decor,freshmart,paypal,desktop,email,standard,same day,north,winter,no,Tuesday,1,57,109.01,3,0,0,21.88,27.36,376.27,0,3.7,4514.18,31.23,117.51,0,2024,2,20,3,Not Returned
0,male,pakistan,new,fashion,women clothing,nova,paypal,mobile,organic search,silver,standard,east,winter,no,Tuesday,1,33,84.46,1,5,4.22,4.01,5.96,90.21,7,3.5,876.73,35.61,32.12,0,2024,2,20,3,Returned
0,male,france,new,electronics,headphones,valuemax,paypal,mobile,email,standard,standard,west,winter,no,Tuesday,1,18,185.03,2,15,55.51,5.63,14,334.18,3,3.8,1481.12,3,10.03,0,2024,2,20,3,Not Returned
0,male,united states,loyal,groceries,fresh produce,urbanco,cash on delivery,desktop,organic search,standard,same day,south,winter,no,Wednesday,1,30,16.55,6,0,0,26.77,9.23,135.3,2,5,1717.98,27.54,37.26,0,2024,2,21,4,Not Returned
0,female,france,new,groceries,dairy,quickcart,bank transfer,desktop,social media,gold,express,south,winter,no,Wednesday,1,27,9.51,2,0,0,9.86,0.74,29.62,7,5,515.5,15.91,4.71,0,2024,2,21,4,Not Returned
0,female,france,new,fashion,men clothing,nova,cash on delivery,mobile,referral,standard,standard,east,winter,no,Wednesday,1,52,58.68,2,20,23.47,3.23,10.69,107.81,4,4.8,587.72,25.43,27.42,0,2024,2,21,4,Not Returned
0,female,pakistan,loyal,books,comics,ecolife,debit card,mobile,organic search,standard,pickup,east,winter,no,Thursday,1,46,14.44,5,0,0,12.9,2.74,87.84,2,4.3,910.28,10.01,8.79,0,2024,2,22,5,Not Returned
0,female,uae,returning,home & kitchen,cookware,quickcart,debit card,mobile,direct,standard,standard,central,winter,no,Thursday,1,25,147.32,2,40,117.86,7.18,32.19,216.15,4,4.9,301.61,7.65,16.54,0,2024,2,22,5,Not Returned
1,female,canada,returning,toys,action figures,primeplus,wallet,mobile,email,standard,standard,central,winter,no,Thursday,1,42,36.99,2,5,3.7,3.55,6.02,79.85,2,2.7,500.75,37.72,30.12,0,2024,2,22,5,Returned
0,female,uae,new,fashion,bags,urbanco,credit card,desktop,paid ads,standard,standard,north,winter,no,Thursday,1,40,56.79,2,5,5.68,5.24,6.71,119.85,5,5,1287.73,28.67,34.36,0,2024,2,22,5,Not Returned
0,male,australia,returning,fashion,shoes,primeplus,debit card,desktop,direct,standard,express,north,winter,no,Friday,1,19,75.57,3,35,79.35,13.29,10.21,170.86,3,3.6,2493.75,13.34,22.79,0,2024,2,23,6,Not Returned
0,female,pakistan,returning,electronics,mobile,quickcart,wallet,mobile,referral,platinum,express,south,winter,no,Friday,1,22,183.85,4,10,73.54,11.6,46.38,719.84,3,4.5,4841.99,10.43,75.08,1,2024,2,23,6,Not Returned
0,female,uae,new,books,non-fiction,valuemax,bank transfer,desktop,social media,standard,standard,north,winter,no,Saturday,1,60,48.35,5,0,0,10.56,17.55,269.86,5,3.6,2178.92,22.13,59.72,0,2024,2,24,7,Returned
0,male,pakistan,new,home & kitchen,cookware,valuemax,paypal,mobile,paid ads,silver,standard,south,winter,no,Saturday,1,56,113.96,2,5,11.4,5.34,19.43,241.29,5,4.9,1624.8,28.94,69.83,0,2024,2,24,7,Not Returned
0,female,france,returning,fashion,bags,freshmart,wallet,mobile,paid ads,gold,same day,south,winter,no,Sunday,1,37,47.64,4,10,19.06,22.88,22.4,216.78,3,4.2,2212.94,16.44,35.64,0,2024,2,25,1,Not Returned
0,male,united states,returning,beauty,fragrance,apex,debit card,mobile,email,standard,pickup,north,winter,no,Sunday,1,35,47.29,2,20,18.92,6.68,2.91,85.25,4,4.6,205.93,19.93,16.99,0,2024,2,25,1,Not Returned
0,male,india,new,beauty,makeup,apex,bank transfer,desktop,email,standard,standard,east,winter,no,Monday,1,34,26.68,2,0,0,8.21,5.41,66.98,7,4.2,733.83,39.74,26.62,0,2024,2,26,2,Not Returned
1,female,united kingdom,new,fashion,shoes,valuemax,wallet,desktop,social media,gold,pickup,west,winter,yes,Tuesday,1,38,28.39,3,25,21.29,4.44,7.65,75.97,4,2.5,527.78,19.69,14.96,0,2024,2,27,3,Returned
0,male,pakistan,loyal,home & kitchen,furniture,primeplus,paypal,mobile,direct,gold,standard,north,winter,no,Tuesday,1,31,210.53,2,20,84.21,4.77,40.07,381.69,8,5,4977.25,18.98,72.44,0,2024,2,27,3,Not Returned
0,female,united kingdom,returning,books,non-fiction,urbanco,debit card,mobile,organic search,standard,standard,east,winter,no,Tuesday,1,43,19.62,3,30,17.66,6.12,5.9,53.22,6,4.5,247.65,20.69,11.01,0,2024,2,27,3,Not Returned
0,male,india,returning,groceries,dairy,ecolife,wallet,desktop,social media,standard,express,south,winter,no,Wednesday,1,44,21.18,4,0,0,18.53,8.12,111.37,3,4,497.9,20.21,22.51,0,2024,2,28,4,Not Returned
0,other,germany,returning,beauty,fragrance,urbanco,cash on delivery,mobile,direct,standard,standard,central,winter,no,Wednesday,1,28,58.96,1,0,0,6.52,3.19,68.67,3,5,860.32,18,12.36,0,2024,2,28,4,Not Returned
0,male,uae,returning,home & kitchen,decor,nova,debit card,desktop,direct,gold,standard,north,winter,no,Wednesday,1,33,172.83,2,20,69.13,1.76,12.92,291.21,6,4.1,4851.45,16.55,48.2,0,2024,2,28,4,Not Returned
0,male,united kingdom,new,home & kitchen,appliances,valuemax,debit card,mobile,social media,standard,standard,north,winter,no,Thursday,1,24,210.94,3,30,189.85,9.13,29.95,482.05,7,5,2311.26,3.54,17.06,1,2024,2,29,5,Not Returned
0,female,saudi arabia,returning,fashion,women clothing,ecolife,credit card,mobile,organic search,silver,express,east,spring,yes,Friday,1,36,41.62,3,0,0,17.99,5.27,148.12,6,4.2,891.03,21.5,31.85,0,2024,3,1,6,Not Returned
0,male,united kingdom,premium,sports,fitness,nova,debit card,tablet,direct,gold,express,east,spring,no,Friday,1,53,73.58,3,15,33.11,11.02,14.14,212.79,4,4.7,4256.23,12.72,27.07,0,2024,3,1,6,Not Returned
1,male,australia,returning,fashion,bags,valuemax,wallet,mobile,social media,standard,standard,central,spring,yes,Friday,1,46,55.68,4,5,11.14,3.45,14.67,229.7,6,2.9,1282.14,22.11,50.79,0,2024,3,1,6,Returned
0,male,united states,new,groceries,snacks,freshmart,wallet,desktop,direct,silver,standard,west,spring,no,Saturday,1,32,16.46,3,10,4.94,7.1,5.77,57.31,8,4.1,220.16,15.42,8.84,0,2024,3,2,7,Not Returned
0,male,canada,returning,fashion,men clothing,valuemax,wallet,desktop,email,standard,express,central,spring,yes,Saturday,1,28,92.52,9,10,83.27,22.95,52.6,824.96,1,4.3,2867.95,34.34,283.29,1,2024,3,2,7,Not Returned
1,male,united kingdom,premium,toys,educational,freshmart,credit card,mobile,social media,silver,standard,north,spring,no,Saturday,1,28,62.16,6,15,55.94,11.4,37.37,365.79,3,2.5,2628.59,22.4,81.94,0,2024,3,2,7,Returned
0,female,saudi arabia,returning,toys,board games,primeplus,bank transfer,tablet,social media,standard,standard,central,spring,no,Monday,1,32,41.15,3,0,0,7.98,4.94,136.37,6,2.7,1798.26,7.64,10.42,0,2024,3,4,2,Returned
1,female,germany,new,electronics,mobile,primeplus,paypal,desktop,direct,standard,standard,east,spring,no,Monday,1,36,896.32,3,10,268.9,6.97,259.77,2686.8,1,3.2,37275.32,15.43,414.57,1,2024,3,4,2,Returned
0,female,saudi arabia,returning,groceries,beverages,valuemax,cash on delivery,tablet,referral,standard,standard,central,spring,no,Monday,1,18,19.13,3,10,5.74,8.06,6.23,65.94,3,4.7,997.8,15.7,10.35,0,2024,3,4,2,Not Returned
0,female,france,returning,groceries,fresh produce,nova,paypal,desktop,organic search,standard,standard,south,spring,no,Tuesday,1,33,28.61,2,10,5.72,7.46,6.73,65.69,6,4.1,958.85,12.81,8.41,0,2024,3,5,3,Not Returned
0,female,india,loyal,groceries,fresh produce,zenith,paypal,desktop,organic search,standard,express,west,spring,no,Tuesday,1,58,24.62,1,15,3.69,12.47,2.09,35.49,0,4.1,709.63,10.74,3.81,0,2024,3,5,3,Not Returned
0,female,united states,returning,books,non-fiction,nova,cash on delivery,mobile,direct,standard,express,east,spring,no,Tuesday,1,33,17.74,3,0,0,14.32,4.62,72.16,1,3.7,1290.95,27.66,19.96,0,2024,3,5,3,Not Returned
0,female,canada,returning,home & kitchen,appliances,freshmart,cash on delivery,tablet,email,gold,express,west,spring,no,Wednesday,1,35,69.93,3,10,20.98,8.98,7.76,205.55,2,4.5,2136.67,25.48,52.37,0,2024,3,6,4,Not Returned
0,female,united states,new,sports,fitness,valuemax,wallet,tablet,direct,standard,standard,north,spring,no,Wednesday,1,34,63.59,5,15,47.69,11.08,13.6,294.94,2,3.9,3308.92,19.84,58.52,0,2024,3,6,4,Not Returned
0,male,india,loyal,sports,outdoor,valuemax,bank transfer,mobile,direct,silver,standard,east,spring,no,Wednesday,1,19,63.79,2,10,12.76,10.1,13.6,138.52,5,4.1,1612.68,11.55,16,0,2024,3,6,4,Not Returned
0,male,france,new,beauty,skincare,primeplus,bank transfer,mobile,social media,standard,express,central,spring,no,Thursday,1,37,89.43,3,35,93.9,15.27,10.95,200.61,0,3.9,3131.64,27.86,55.89,0,2024,3,7,5,Not Returned
0,female,pakistan,new,groceries,beverages,urbanco,bank transfer,mobile,email,standard,standard,west,spring,no,Friday,1,43,13.74,2,15,4.12,5.55,2.07,30.98,6,3.7,671.32,33.28,10.31,0,2024,3,8,6,Not Returned
0,male,germany,loyal,electronics,mobile,valuemax,credit card,mobile,email,gold,standard,north,spring,no,Friday,1,30,425.12,3,10,127.54,6.27,86.42,1240.51,5,3.6,6745.62,22.06,273.66,1,2024,3,8,6,Not Returned
0,female,india,new,groceries,snacks,quickcart,cash on delivery,mobile,email,gold,standard,central,spring,no,Friday,1,32,25,1,35,8.75,0,2.28,18.53,4,4.2,20,15.45,2.86,0,2024,3,8,6,Not Returned
1,male,australia,returning,groceries,beverages,primeplus,bank transfer,desktop,referral,silver,standard,north,spring,no,Saturday,1,57,27.84,4,0,0,8.93,7.7,127.99,6,3.5,2230.53,16.24,20.79,0,2024,3,9,7,Returned
0,male,canada,returning,home & kitchen,appliances,urbanco,paypal,desktop,paid ads,standard,standard,north,spring,no,Saturday,1,46,95.05,6,15,85.54,8.32,20.96,514.04,6,4.3,9206.77,33.99,174.72,1,2024,3,9,7,Not Returned
0,female,united states,loyal,toys,puzzles,apex,debit card,tablet,paid ads,gold,standard,north,spring,no,Saturday,1,26,44.91,1,0,0,1.06,3.78,49.75,1,4.7,1254.73,11.37,5.66,0,2024,3,9,7,Not Returned
0,female,india,new,fashion,bags,valuemax,cash on delivery,mobile,direct,standard,express,west,spring,no,Saturday,1,37,32.56,3,5,4.88,14.3,8.12,115.22,3,3.6,501.9,26.61,30.66,0,2024,3,9,7,Returned
0,female,france,returning,electronics,laptop,apex,debit card,mobile,paid ads,gold,standard,south,spring,no,Saturday,1,39,128.09,2,15,38.43,4.65,9.15,231.55,2,3.8,3369.67,16.81,38.92,0,2024,3,9,7,Not Returned
0,male,pakistan,returning,fashion,women clothing,quickcart,paypal,desktop,paid ads,standard,standard,south,spring,no,Sunday,1,38,123.44,1,25,30.86,2.59,11.36,106.53,9,2.4,1149.25,12.18,12.98,0,2024,3,10,1,Returned
0,male,canada,new,electronics,laptop,ecolife,credit card,mobile,referral,standard,pickup,south,spring,no,Tuesday,1,37,367.2,2,15,110.16,7.4,43.9,675.54,9,4.6,12937.59,20.99,141.8,1,2024,3,12,3,Not Returned
0,female,pakistan,loyal,beauty,skincare,nova,credit card,desktop,email,silver,express,east,spring,no,Tuesday,1,53,116.18,5,0,0,18.15,24.93,623.98,5,3.4,8147.68,27.36,170.72,1,2024,3,12,3,Returned
0,male,canada,new,groceries,beverages,apex,credit card,tablet,referral,silver,standard,west,spring,no,Tuesday,1,52,11.89,1,35,4.16,7.28,0.76,15.77,5,4.2,385.52,16.1,2.54,0,2024,3,12,3,Not Returned
0,female,canada,loyal,sports,sportswear,valuemax,debit card,desktop,social media,silver,express,east,spring,no,Wednesday,1,22,35.95,2,0,0,14.61,2.69,89.2,2,5,2352.7,16.75,14.94,0,2024,3,13,4,Not Returned
0,male,united states,returning,beauty,skincare,nova,bank transfer,mobile,social media,standard,express,east,spring,yes,Wednesday,1,23,59.02,4,25,59.02,16.81,27.79,221.66,4,4,1881.22,32.39,71.8,0,2024,3,13,4,Not Returned
0,female,pakistan,returning,fashion,shoes,quickcart,cash on delivery,mobile,paid ads,platinum,standard,west,spring,no,Wednesday,1,43,75.58,3,0,0,4.91,18.31,249.96,3,5,3889.02,22.57,56.42,0,2024,3,13,4,Not Returned
0,female,saudi arabia,returning,groceries,dairy,zenith,bank transfer,mobile,paid ads,standard,standard,north,spring,no,Wednesday,1,44,21.65,6,5,6.49,12.28,14.9,150.59,9,3.1,2097.68,35.19,52.99,0,2024,3,13,4,Returned
0,female,australia,loyal,groceries,beverages,apex,bank transfer,mobile,organic search,gold,standard,west,spring,no,Wednesday,1,39,15.5,3,20,9.3,3.97,5.13,46.3,4,5,1622.73,17.05,7.89,0,2024,3,13,4,Not Returned
0,female,united kingdom,new,fashion,shoes,ecolife,debit card,desktop,email,standard,standard,central,spring,no,Thursday,1,43,58.13,2,20,23.25,7.43,6.31,106.75,3,4.1,20,24.78,26.45,0,2024,3,14,5,Not Returned
0,male,france,loyal,electronics,mobile,trendify,paypal,mobile,direct,standard,standard,north,spring,no,Thursday,1,35,418.22,4,0,0,9.06,182.63,1864.57,7,5,15508.36,19.52,363.96,1,2024,3,14,5,Not Returned
0,female,australia,loyal,beauty,haircare,trendify,paypal,mobile,organic search,standard,standard,west,spring,no,Friday,1,57,59.38,2,0,0,7.92,5.99,132.67,7,3.7,1000.03,49.64,65.86,0,2024,3,15,6,Not Returned
0,female,saudi arabia,loyal,sports,equipment,urbanco,paypal,mobile,social media,gold,pickup,central,spring,no,Friday,1,50,79.65,4,0,0,6.25,37.46,362.31,6,3.7,3582.85,40.42,146.45,0,2024,3,15,6,Not Returned
0,female,india,loyal,books,comics,nova,credit card,tablet,paid ads,silver,express,west,spring,no,Friday,1,38,31.98,4,30,38.38,15.72,8.63,113.89,0,3.9,1969.19,3,3.42,0,2024,3,15,6,Not Returned
0,female,france,loyal,sports,outdoor,urbanco,wallet,mobile,email,standard,express,north,spring,no,Saturday,1,34,87.93,3,15,39.57,15.49,30.81,270.52,5,3.4,4277.25,11.57,31.3,0,2024,3,16,7,Returned
0,male,pakistan,returning,home & kitchen,appliances,ecolife,cash on delivery,desktop,organic search,silver,standard,north,spring,no,Saturday,1,51,94.77,4,10,37.91,7.4,31,379.57,8,3.3,6068.53,27.19,103.21,0,2024,3,16,7,Returned
0,male,india,loyal,fashion,women clothing,valuemax,wallet,mobile,email,silver,same day,east,spring,no,Sunday,1,45,48.75,2,35,34.12,22.77,2.96,89.11,4,4.8,641.56,12.11,10.79,0,2024,3,17,1,Not Returned
0,female,uae,loyal,books,comics,urbanco,credit card,desktop,paid ads,standard,standard,west,spring,no,Sunday,1,46,22.41,1,15,3.36,5.49,1.21,25.75,4,5,1197.15,14.56,3.75,0,2024,3,17,1,Not Returned
0,male,germany,new,sports,fitness,nova,credit card,mobile,paid ads,silver,standard,west,spring,no,Sunday,1,40,57.6,3,0,0,6.47,15.81,195.08,2,4.3,2085.6,32.75,63.89,0,2024,3,17,1,Not Returned
0,male,uae,returning,groceries,snacks,apex,wallet,desktop,paid ads,platinum,standard,east,spring,no,Sunday,1,38,22.5,5,15,16.88,2.21,8.93,106.76,6,3.9,1255.32,31.25,33.36,0,2024,3,17,1,Not Returned
0,male,united states,returning,toys,action figures,freshmart,cash on delivery,mobile,paid ads,standard,same day,south,spring,no,Monday,1,25,45.81,5,15,34.36,26.59,13.39,234.67,1,4.6,1997.67,17.61,41.33,0,2024,3,18,2,Not Returned
0,male,germany,returning,fashion,men clothing,freshmart,credit card,desktop,social media,gold,same day,central,spring,no,Monday,1,43,77.15,2,20,30.86,20.01,13.2,156.65,0,5,2925.83,38.85,60.86,0,2024,3,18,2,Not Returned
0,male,united kingdom,returning,groceries,dairy,apex,bank transfer,mobile,social media,standard,standard,east,spring,no,Monday,1,38,28.81,5,15,21.61,10.51,14.31,147.26,4,3.8,761.12,3.96,5.83,0,2024,3,18,2,Not Returned
1,male,uae,new,groceries,beverages,ecolife,credit card,mobile,direct,standard,same day,west,spring,no,Monday,1,25,14.3,5,25,17.88,27.58,4.05,85.25,0,3.9,1544.42,3.97,3.38,0,2024,3,18,2,Returned
0,female,canada,new,toys,educational,ecolife,cash on delivery,mobile,paid ads,silver,standard,central,spring,no,Tuesday,1,30,58.59,4,25,58.59,11.3,8.47,195.54,8,4.3,2183.31,7.79,15.23,0,2024,3,19,3,Not Returned
0,male,united kingdom,returning,sports,sportswear,nova,bank transfer,mobile,referral,standard,standard,north,spring,no,Tuesday,1,49,85.75,7,0,0,13.19,52.84,666.28,7,3.3,10281.31,6.34,42.24,1,2024,3,19,3,Returned
0,female,uae,loyal,electronics,mobile,freshmart,credit card,mobile,organic search,platinum,standard,south,spring,no,Wednesday,1,27,444.01,2,15,133.2,1.14,84.92,840.88,7,5,13544.62,11.49,96.62,1,2024,3,20,4,Not Returned
0,male,saudi arabia,returning,electronics,accessories,freshmart,cash on delivery,desktop,social media,standard,express,east,spring,no,Wednesday,1,18,357.96,2,20,143.18,13.25,30.56,616.55,7,4.1,5592.69,6.79,41.86,1,2024,3,20,4,Not Returned
0,female,france,new,groceries,snacks,valuemax,paypal,mobile,social media,standard,standard,west,spring,no,Thursday,1,21,20.93,2,20,8.37,6.75,2.19,42.43,7,4.5,674.09,21.4,9.08,0,2024,3,21,5,Not Returned
0,female,saudi arabia,returning,beauty,skincare,zenith,debit card,mobile,email,standard,same day,south,spring,no,Thursday,1,62,49.45,3,10,14.84,21.52,7.69,162.72,3,4.8,2347.17,33.21,54.04,0,2024,3,21,5,Not Returned
1,male,australia,new,beauty,haircare,freshmart,credit card,desktop,direct,standard,express,west,spring,no,Thursday,1,40,41.81,3,10,12.54,18.32,13.7,144.91,3,4.2,664.4,34.21,49.57,0,2024,3,21,5,Not Returned
0,female,germany,returning,electronics,headphones,valuemax,paypal,mobile,social media,standard,standard,west,spring,no,Thursday,1,42,266.89,4,10,106.76,10.11,91.67,1062.58,7,4.2,16485.37,34.73,369.03,1,2024,3,21,5,Not Returned
0,male,saudi arabia,new,electronics,accessories,zenith,wallet,desktop,organic search,standard,express,north,spring,no,Friday,1,36,971.77,4,40,1554.83,15.81,394.25,2742.31,2,4.2,49350.47,3,82.27,1,2024,3,22,6,Not Returned
0,female,saudi arabia,returning,home & kitchen,furniture,ecolife,paypal,mobile,social media,standard,standard,central,spring,no,Friday,1,21,100.59,5,10,50.3,12.57,18.24,483.46,6,3.6,4340.25,17.76,85.86,1,2024,3,22,6,Not Returned
0,female,australia,loyal,groceries,dairy,urbanco,debit card,tablet,paid ads,standard,standard,central,spring,no,Saturday,1,37,14.62,5,20,14.62,12.08,7.02,77.58,4,4.2,2350.29,9.17,7.11,0,2024,3,23,7,Not Returned
0,female,united kingdom,loyal,home & kitchen,cookware,valuemax,paypal,mobile,organic search,standard,express,south,spring,no,Saturday,1,24,115.98,3,25,86.98,20.66,21.26,302.88,4,5,2841.28,3,9.09,0,2024,3,23,7,Not Returned
0,male,united states,loyal,books,non-fiction,apex,wallet,mobile,paid ads,standard,standard,central,spring,no,Sunday,1,40,16.08,3,40,19.3,9.34,5.36,43.64,4,3.8,1635.34,28.76,12.55,0,2024,3,24,1,Not Returned
0,female,canada,new,toys,action figures,quickcart,bank transfer,desktop,social media,standard,express,central,spring,no,Monday,1,37,41.56,2,25,20.78,12.27,7.49,82.1,6,4.7,558.87,9.82,8.06,0,2024,3,25,2,Not Returned
0,female,united states,returning,groceries,dairy,nova,wallet,mobile,referral,standard,standard,central,spring,no,Monday,1,41,17.75,2,10,3.55,4.28,4.09,40.32,5,3.9,539.96,24.22,9.77,0,2024,3,25,2,Not Returned
0,male,saudi arabia,returning,fashion,bags,apex,credit card,mobile,referral,standard,same day,west,spring,no,Tuesday,1,52,93.02,1,5,4.65,20.02,10.54,118.93,2,4.3,1111.12,38.09,45.3,0,2024,3,26,3,Not Returned
0,female,canada,loyal,sports,outdoor,zenith,credit card,desktop,direct,standard,same day,west,spring,no,Wednesday,1,18,70.48,4,0,0,25.8,8.53,316.25,2,3.9,5462.32,18.39,58.16,0,2024,3,27,4,Not Returned
1,male,france,loyal,groceries,snacks,quickcart,credit card,desktop,organic search,platinum,standard,north,spring,no,Thursday,1,42,21.5,4,30,25.8,2.48,6.11,68.79,4,2.8,1493.96,25.06,17.24,0,2024,3,28,5,Returned
0,female,germany,new,toys,puzzles,ecolife,paypal,desktop,direct,gold,express,north,spring,no,Thursday,1,44,23.83,5,15,17.87,13.88,9.2,124.36,2,4.3,2300.71,30.7,38.18,0,2024,3,28,5,Not Returned
0,female,uae,returning,electronics,accessories,valuemax,bank transfer,tablet,referral,gold,standard,south,spring,no,Thursday,1,39,367.84,2,10,73.57,0.9,77.84,740.85,5,3.1,6457.92,24.78,183.58,1,2024,3,28,5,Returned
0,male,france,premium,home & kitchen,appliances,freshmart,cash on delivery,desktop,referral,silver,express,central,spring,yes,Saturday,1,35,148.62,4,0,0,18.87,63.45,676.8,4,3.8,6354.12,23.27,157.49,1,2024,3,30,7,Not Returned
0,female,australia,returning,fashion,women clothing,apex,bank transfer,desktop,social media,standard,standard,north,spring,no,Sunday,1,24,51.19,4,40,81.9,5.48,14.51,142.85,5,4.1,1546.03,18.64,26.63,0,2024,3,31,1,Not Returned
0,male,canada,returning,books,education,quickcart,paypal,mobile,social media,standard,standard,west,spring,yes,Monday,2,26,17.72,4,5,3.54,11.22,3.69,82.25,3,5,1446.65,9.39,7.72,0,2024,4,1,2,Not Returned
0,male,germany,new,fashion,women clothing,quickcart,wallet,mobile,referral,standard,express,north,spring,no,Tuesday,2,31,72.57,1,25,18.14,11.71,6.3,72.44,3,3.5,863.89,40.25,29.16,0,2024,4,2,3,Returned
0,female,australia,returning,home & kitchen,decor,zenith,bank transfer,desktop,direct,gold,standard,west,spring,no,Tuesday,2,37,122.64,2,0,0,2.62,13.94,261.84,6,4.7,2080.46,19.95,52.24,0,2024,4,2,3,Not Returned
0,male,australia,returning,groceries,snacks,valuemax,bank transfer,mobile,paid ads,standard,standard,west,spring,yes,Tuesday,2,56,7.07,2,25,3.54,6,1.4,18,2,2.7,97.1,23.67,4.26,0,2024,4,2,3,Returned
0,male,saudi arabia,new,beauty,fragrance,quickcart,credit card,mobile,paid ads,standard,same day,central,spring,yes,Tuesday,2,18,81.83,8,30,196.39,27.99,29.69,515.93,3,4.6,9456.75,13.06,67.38,1,2024,4,2,3,Not Returned
0,female,france,new,home & kitchen,cookware,urbanco,wallet,desktop,organic search,platinum,express,central,spring,no,Wednesday,2,41,92.19,4,20,73.75,10.11,38.81,343.93,2,4.7,4626.55,35.11,120.75,0,2024,4,3,4,Not Returned
1,female,germany,premium,fashion,shoes,ecolife,debit card,tablet,referral,gold,standard,south,spring,no,Wednesday,2,24,53.04,1,25,13.26,0,3.69,43.47,7,1.9,1866.05,17.03,7.4,0,2024,4,3,4,Returned
0,male,united states,returning,groceries,fresh produce,urbanco,wallet,mobile,referral,silver,standard,south,spring,no,Friday,2,31,29.28,2,10,5.86,8.49,2.72,63.91,6,4.3,382.23,18.01,11.51,0,2024,4,5,6,Not Returned
1,male,saudi arabia,loyal,fashion,shoes,trendify,bank transfer,mobile,paid ads,standard,standard,north,spring,no,Saturday,2,35,86.3,2,25,43.15,4.12,5.48,139.05,2,2.8,1474.48,27.06,37.63,0,2024,4,6,7,Returned
0,female,united kingdom,returning,books,education,freshmart,credit card,desktop,social media,platinum,express,north,spring,no,Saturday,2,22,44.81,5,10,22.4,12.35,18.72,232.72,2,3.9,2050.24,14.07,32.74,0,2024,4,6,7,Not Returned
0,male,australia,new,beauty,fragrance,valuemax,cash on delivery,mobile,organic search,standard,express,west,spring,no,Sunday,2,35,44.77,3,25,33.58,16.71,13.27,130.71,3,4.2,2057.12,33.62,43.94,0,2024,4,7,1,Not Returned
0,female,australia,loyal,groceries,fresh produce,trendify,cash on delivery,mobile,social media,silver,same day,north,spring,no,Monday,2,39,9.28,5,30,13.92,22.92,3.4,58.8,4,4.4,909.45,7.54,4.43,0,2024,4,8,2,Not Returned
0,male,india,new,electronics,mobile,valuemax,paypal,mobile,email,standard,standard,north,spring,no,Monday,2,37,670.26,2,15,201.08,7.05,59.13,1205.62,6,3.2,4536.53,26.44,318.77,1,2024,4,8,2,Returned
0,male,australia,returning,electronics,headphones,primeplus,credit card,mobile,paid ads,standard,same day,west,spring,no,Tuesday,2,28,352.36,3,35,369.98,22.84,78.58,788.52,0,3.5,9632.26,3.01,23.73,1,2024,4,9,3,Not Returned
0,female,france,returning,electronics,accessories,zenith,bank transfer,desktop,direct,silver,same day,east,spring,no,Tuesday,2,47,469.36,2,0,0,20.62,65.6,1024.94,2,3.5,19057.79,7.99,81.89,1,2024,4,9,3,Not Returned
0,female,saudi arabia,returning,groceries,fresh produce,urbanco,credit card,mobile,direct,standard,standard,west,spring,no,Tuesday,2,19,22.1,1,15,3.32,6.77,1.81,27.36,8,4,79.58,18.59,5.09,0,2024,4,9,3,Not Returned
1,male,india,new,groceries,dairy,quickcart,paypal,mobile,paid ads,standard,express,central,spring,no,Tuesday,2,43,45.8,2,10,9.16,13.92,3.9,100.26,1,3,2331.9,18.78,18.83,0,2024,4,9,3,Returned
0,male,france,returning,fashion,shoes,nova,credit card,mobile,paid ads,standard,same day,north,spring,no,Wednesday,2,45,81.28,3,10,24.38,24.5,28.31,272.27,0,3.8,2950.34,17.14,46.67,0,2024,4,10,4,Not Returned
0,male,india,new,electronics,mobile,valuemax,cash on delivery,desktop,organic search,platinum,same day,west,spring,no,Wednesday,2,36,472.82,4,20,378.26,17.3,166.31,1696.63,3,4.9,4428.19,3,50.9,1,2024,4,10,4,Not Returned
0,male,germany,returning,groceries,fresh produce,freshmart,debit card,mobile,email,standard,standard,central,spring,no,Wednesday,2,22,21.85,3,35,22.94,7.4,5.5,55.51,3,4.2,676.31,3,1.67,0,2024,4,10,4,Not Returned
0,male,australia,premium,fashion,men clothing,nova,credit card,desktop,social media,silver,express,east,spring,no,Wednesday,2,63,83.8,2,0,0,13.33,19.56,200.49,0,4.1,4879.45,31.91,63.98,0,2024,4,10,4,Not Returned
0,male,canada,loyal,toys,educational,primeplus,cash on delivery,tablet,email,silver,same day,south,spring,no,Thursday,2,30,31.91,4,5,6.38,25.32,5.26,151.84,1,3.7,3223.48,12.29,18.66,0,2024,4,11,5,Not Returned
0,male,saudi arabia,premium,groceries,fresh produce,valuemax,paypal,tablet,referral,gold,pickup,west,spring,no,Thursday,2,39,12.13,2,5,1.21,0.41,2.24,25.7,7,3.1,1255.74,31.74,8.16,0,2024,4,11,5,Returned
1,female,saudi arabia,new,home & kitchen,cookware,valuemax,paypal,tablet,direct,gold,standard,east,spring,no,Friday,2,47,104.15,4,15,62.49,8.51,45.03,407.65,6,3.6,7733.53,7.17,29.23,1,2024,4,12,6,Returned
0,male,united states,returning,groceries,fresh produce,nova,paypal,desktop,email,silver,express,east,spring,no,Friday,2,47,14.1,4,0,0,16.42,4.53,77.35,2,3.1,357.76,19.06,14.74,0,2024,4,12,6,Returned
0,female,saudi arabia,returning,sports,sportswear,primeplus,paypal,mobile,social media,silver,standard,east,spring,no,Saturday,2,41,86.79,3,20,52.07,10.09,25.07,243.46,8,4.9,1127.01,6.23,15.17,0,2024,4,13,7,Not Returned
0,male,france,returning,groceries,dairy,trendify,cash on delivery,desktop,direct,standard,express,north,spring,no,Saturday,2,42,18.27,4,0,0,19.6,8.72,101.4,1,5,1810.98,17.92,18.17,0,2024,4,13,7,Not Returned
0,male,germany,returning,home & kitchen,furniture,trendify,paypal,desktop,email,standard,standard,north,spring,no,Sunday,2,60,122.16,1,25,30.54,6.58,5,103.2,7,4.7,1125.56,10.54,10.88,0,2024,4,14,1,Not Returned
0,male,united states,premium,electronics,headphones,zenith,credit card,mobile,organic search,silver,express,south,spring,no,Monday,2,21,1095.79,3,10,328.74,12.61,321.18,3292.42,4,4.3,33525.57,22.54,742.11,1,2024,4,15,2,Not Returned
0,male,united states,new,books,comics,ecolife,credit card,mobile,direct,standard,standard,east,spring,no,Tuesday,2,39,19.23,4,20,15.38,7.91,7.31,76.76,3,3.7,1260.68,16.71,12.83,0,2024,4,16,3,Not Returned
0,female,australia,loyal,fashion,shoes,valuemax,debit card,mobile,paid ads,gold,pickup,north,spring,no,Tuesday,2,40,109.85,3,20,65.91,0.85,28.98,293.47,5,4.9,2194.83,13.83,40.59,0,2024,4,16,3,Not Returned
0,male,germany,loyal,beauty,makeup,freshmart,bank transfer,desktop,organic search,standard,standard,west,spring,no,Wednesday,2,34,44.34,4,0,0,9.14,9.69,196.19,8,3.9,2545.66,32.19,63.15,0,2024,4,17,4,Not Returned
0,male,france,loyal,groceries,snacks,valuemax,paypal,mobile,social media,standard,same day,east,spring,no,Wednesday,2,20,44.34,5,0,0,26.47,17.95,266.12,1,4.4,2948.19,21.18,56.36,0,2024,4,17,4,Not Returned
0,male,united states,loyal,books,non-fiction,urbanco,wallet,desktop,paid ads,standard,standard,south,spring,no,Thursday,2,43,49.19,2,5,4.92,7.97,6.3,107.73,7,2.7,2462.35,12.26,13.21,0,2024,4,18,5,Returned
0,female,france,new,toys,puzzles,freshmart,wallet,mobile,direct,standard,standard,north,spring,no,Thursday,2,23,43.52,4,5,8.7,6.72,5.27,177.37,6,4.1,3062.74,5.12,9.08,0,2024,4,18,5,Not Returned
1,male,saudi arabia,loyal,home & kitchen,appliances,quickcart,credit card,mobile,email,standard,standard,central,spring,no,Thursday,2,45,97.6,4,0,0,10.86,38.61,439.87,4,3.5,6125.75,14.83,65.23,1,2024,4,18,5,Returned
0,male,saudi arabia,premium,fashion,bags,ecolife,wallet,desktop,email,standard,express,central,spring,no,Thursday,2,53,46.8,4,40,74.88,17.99,7.55,137.86,5,3.2,3971.77,19.63,27.06,0,2024,4,18,5,Returned
0,female,germany,returning,beauty,skincare,valuemax,paypal,desktop,paid ads,standard,express,west,spring,no,Thursday,2,28,25.76,3,20,15.46,14.18,4.53,80.53,6,4.6,1488.17,29.71,23.93,0,2024,4,18,5,Not Returned
0,male,uae,loyal,sports,outdoor,apex,cash on delivery,mobile,referral,standard,express,west,spring,no,Friday,2,33,73.21,1,0,0,9.18,2.58,84.97,5,4,2143.8,33.28,28.28,0,2024,4,19,6,Not Returned
0,female,saudi arabia,returning,electronics,headphones,zenith,bank transfer,mobile,referral,silver,standard,central,spring,no,Friday,2,42,470.63,3,5,70.59,5.11,158.09,1504.5,4,3.8,12779.7,18.26,274.72,1,2024,4,19,6,Not Returned
0,male,canada,returning,fashion,bags,freshmart,credit card,mobile,referral,standard,standard,north,spring,no,Sunday,2,41,208.34,1,35,72.92,6,22.91,164.33,3,5,1473.45,21.34,35.07,0,2024,4,21,1,Not Returned
0,female,pakistan,returning,groceries,snacks,nova,wallet,mobile,paid ads,silver,standard,west,spring,no,Sunday,2,49,13.8,3,0,0,8.23,2.21,51.84,7,4.8,31.28,19.39,10.05,0,2024,4,21,1,Not Returned
0,female,germany,loyal,fashion,women clothing,apex,cash on delivery,desktop,social media,silver,express,central,spring,no,Monday,2,38,104.79,3,5,15.72,16.43,9.64,324.72,5,4,3582.14,35.03,113.75,0,2024,4,22,2,Not Returned
0,female,germany,new,fashion,bags,zenith,debit card,desktop,social media,gold,standard,north,spring,no,Monday,2,63,32.85,3,5,4.93,3.78,4.39,101.79,5,4.4,1183.62,40.12,40.84,0,2024,4,22,2,Not Returned
0,female,saudi arabia,new,fashion,women clothing,apex,credit card,mobile,paid ads,silver,pickup,central,spring,no,Monday,2,39,58.37,4,30,70.04,12.32,14.6,190.36,6,3.6,1044.21,20.32,38.68,0,2024,4,22,2,Returned
0,male,australia,returning,sports,fitness,nova,wallet,mobile,social media,standard,express,central,spring,no,Tuesday,2,33,54.1,2,10,10.82,15.05,6.67,119.1,5,4,923.37,16.02,19.08,0,2024,4,23,3,Not Returned
0,female,united states,returning,groceries,snacks,trendify,credit card,mobile,paid ads,standard,same day,west,spring,no,Tuesday,2,36,20.8,3,30,18.72,17.74,6.4,67.82,0,4,589.76,24.1,16.34,0,2024,4,23,3,Not Returned
0,female,australia,premium,home & kitchen,furniture,nova,wallet,mobile,social media,silver,standard,central,spring,no,Tuesday,2,61,179.79,4,0,0,9.76,45.5,774.42,8,3.9,15036.7,21.82,168.98,1,2024,4,23,3,Not Returned
0,male,australia,new,fashion,men clothing,apex,cash on delivery,mobile,referral,silver,standard,central,spring,no,Tuesday,2,30,58.74,2,5,5.87,4.27,7.39,123.27,3,4.2,252.56,21.29,26.24,0,2024,4,23,3,Not Returned
0,female,india,new,books,fiction,nova,credit card,mobile,social media,standard,standard,east,spring,yes,Wednesday,2,26,21.81,4,30,26.17,8.76,7.09,76.92,5,4.3,847.8,19.07,14.67,0,2024,4,24,4,Not Returned
0,female,germany,new,fashion,bags,primeplus,bank transfer,desktop,direct,standard,express,east,spring,no,Wednesday,2,42,49.29,5,20,49.29,21.41,17.39,235.96,5,4,3897.12,27.97,66,0,2024,4,24,4,Not Returned
0,male,saudi arabia,new,fashion,bags,quickcart,paypal,desktop,social media,gold,express,west,spring,no,Wednesday,2,22,32.39,6,0,0,17.44,8.29,220.07,2,2.8,1973.77,25.41,55.92,0,2024,4,24,4,Returned
0,female,uae,returning,toys,action figures,quickcart,wallet,mobile,email,silver,same day,central,spring,no,Wednesday,2,56,40.63,3,10,12.19,18.8,6.83,135.33,3,3.8,1263.33,10.33,13.98,0,2024,4,24,4,Not Returned
0,male,pakistan,returning,sports,outdoor,nova,wallet,tablet,email,standard,standard,north,spring,no,Thursday,2,27,137.22,4,30,164.66,6.36,27.65,418.23,3,4.3,2124.76,14.87,62.19,1,2024,4,25,5,Not Returned
1,male,saudi arabia,loyal,home & kitchen,appliances,freshmart,cash on delivery,mobile,email,gold,standard,south,spring,no,Thursday,2,44,214.9,3,20,128.94,3.44,61.04,580.24,5,2.6,4142.45,28.07,162.87,1,2024,4,25,5,Returned
0,female,united states,premium,sports,fitness,primeplus,debit card,mobile,organic search,gold,standard,west,spring,no,Thursday,2,47,70.71,4,10,28.28,6.87,16.3,277.73,5,2.8,4265.81,30.08,83.54,0,2024,4,25,5,Returned
0,male,canada,returning,beauty,skincare,valuemax,paypal,tablet,direct,standard,pickup,north,spring,no,Friday,2,32,32.56,4,0,0,10.43,7.38,148.05,4,3,464.27,25.9,38.34,0,2024,4,26,6,Returned
0,female,canada,returning,electronics,mobile,quickcart,credit card,desktop,direct,silver,express,south,spring,no,Friday,2,45,232.21,2,10,46.44,11.75,47.64,477.37,3,3.8,5491.19,14.38,68.65,1,2024,4,26,6,Not Returned
0,female,united kingdom,loyal,home & kitchen,decor,urbanco,credit card,tablet,social media,silver,express,west,spring,no,Saturday,2,20,71.16,4,5,14.23,19.16,21.58,311.15,2,3.7,5991.79,29.17,90.76,0,2024,4,27,7,Not Returned
1,male,canada,returning,fashion,women clothing,freshmart,wallet,desktop,email,gold,standard,west,spring,no,Saturday,2,38,63.79,5,15,47.84,2.81,34.97,308.89,6,3,3438.27,30.94,95.57,0,2024,4,27,7,Returned
